Player,POS,Team,Age,GP,W,L,Min,PTS,FGM,FGA,FG%,3PM,3PA,3P%,FTM,FTA,FT%,OREB,DREB,REB,AST,TOV,STL,BLK,PF,FP,DD2,TD3,+/-
Jayson Tatum,SF,BOS,25.0,74.0,52.0,22.0,2732.2,2225.0,727.0,1559.0,46.6,240.0,686.0,35.0,531.0,622.0,85.4,78.0,571.0,649.0,342.0,213.0,78.0,51.0,160.0,3691.0,31.0,1.0,470.0
Joel Embiid,C,PHI,29.0,66.0,43.0,23.0,2284.1,2183.0,728.0,1328.0,54.8,66.0,200.0,33.0,661.0,771.0,85.7,113.0,557.0,670.0,274.0,226.0,66.0,112.0,205.0,3706.0,39.0,1.0,424.0
Luka Doncic,PG,DAL,24.0,66.0,33.0,33.0,2390.5,2138.0,719.0,1449.0,49.6,185.0,541.0,34.2,515.0,694.0,74.2,54.0,515.0,569.0,529.0,236.0,90.0,33.0,166.0,3747.0,36.0,10.0,128.0
Shai Gilgeous-Alexander,PG,OKC,24.0,68.0,33.0,35.0,2416.0,2135.0,704.0,1381.0,51.0,58.0,168.0,34.5,669.0,739.0,90.5,59.0,270.0,329.0,371.0,192.0,112.0,65.0,192.0,3425.0,3.0,0.0,149.0
Giannis Antetokounmpo,PF,MIL,28.0,63.0,47.0,16.0,2023.6,1959.0,707.0,1278.0,55.3,47.0,171.0,27.5,498.0,772.0,64.5,137.0,605.0,742.0,359.0,246.0,52.0,51.0,197.0,3451.0,46.0,6.0,341.0
Anthony Edwards,SG,MIN,21.0,79.0,40.0,39.0,2841.5,1946.0,707.0,1541.0,45.9,213.0,578.0,36.9,319.0,422.0,75.6,47.0,411.0,458.0,350.0,259.0,125.0,58.0,186.0,3311.0,9.0,0.0,97.0
Julius Randle,PF,NYK,28.0,77.0,44.0,33.0,2737.3,1936.0,658.0,1432.0,45.9,218.0,636.0,34.3,402.0,531.0,75.7,141.0,626.0,767.0,316.0,216.0,49.0,21.0,233.0,3324.0,40.0,0.0,170.0
Donovan Mitchell,SG,CLE,26.0,68.0,44.0,24.0,2432.4,1922.0,679.0,1402.0,48.4,245.0,635.0,38.6,319.0,368.0,86.7,63.0,226.0,289.0,301.0,180.0,99.0,27.0,168.0,2918.0,5.0,0.0,338.0
Trae Young,PG,ATL,24.0,73.0,38.0,35.0,2540.7,1914.0,597.0,1390.0,42.9,154.0,460.0,33.5,566.0,639.0,88.6,56.0,161.0,217.0,741.0,300.0,80.0,9.0,104.0,3253.0,40.0,0.0,100.0
Zach LaVine,SG,CHI,28.0,77.0,38.0,39.0,2767.9,1913.0,673.0,1388.0,48.5,204.0,544.0,37.5,363.0,428.0,84.8,42.0,303.0,345.0,327.0,194.0,69.0,18.0,159.0,2885.0,2.0,0.0,18.0
Damian Lillard,PG,POR,32.0,58.0,27.0,31.0,2106.6,1866.0,556.0,1202.0,46.3,244.0,658.0,37.1,510.0,558.0,91.4,44.0,233.0,277.0,425.0,191.0,50.0,18.0,109.0,2849.0,16.0,2.0,105.0
De'Aaron Fox,PG,SAC,25.0,73.0,44.0,29.0,2435.2,1826.0,682.0,1331.0,51.2,119.0,367.0,32.4,343.0,440.0,78.0,40.0,266.0,306.0,447.0,181.0,83.0,23.0,172.0,3001.0,11.0,0.0,176.0
DeMar DeRozan,SF,CHI,33.0,74.0,37.0,37.0,2681.6,1816.0,657.0,1303.0,50.4,46.0,142.0,32.4,456.0,523.0,87.2,34.0,309.0,343.0,377.0,153.0,83.0,36.0,186.0,2997.0,6.0,0.0,67.0
Jaylen Brown,SG,BOS,26.0,67.0,46.0,21.0,2404.9,1784.0,679.0,1383.0,49.1,163.0,487.0,33.5,263.0,344.0,76.5,78.0,381.0,459.0,232.0,197.0,75.0,26.0,172.0,2789.0,13.0,0.0,256.0
Pascal Siakam,PF,TOR,29.0,71.0,35.0,36.0,2652.0,1720.0,630.0,1313.0,48.0,93.0,287.0,32.4,367.0,474.0,77.4,131.0,425.0,556.0,415.0,169.0,65.0,36.0,228.0,3144.0,24.0,2.0,123.0
Lauri Markkanen,PF,UTA,25.0,66.0,32.0,34.0,2272.5,1691.0,571.0,1144.0,49.9,200.0,510.0,39.2,349.0,399.0,87.5,130.0,440.0,570.0,123.0,127.0,42.0,38.0,137.0,2673.0,28.0,0.0,163.0
Nikola Jokic,C,DEN,28.0,69.0,48.0,21.0,2323.0,1690.0,646.0,1022.0,63.2,57.0,149.0,38.3,341.0,415.0,82.2,167.0,650.0,817.0,678.0,247.0,87.0,47.0,174.0,3842.0,58.0,29.0,640.0
Jalen Green,SG,HOU,21.0,76.0,20.0,56.0,2602.2,1683.0,566.0,1359.0,41.6,187.0,554.0,33.8,364.0,463.0,78.6,43.0,241.0,284.0,281.0,200.0,59.0,18.0,131.0,2476.0,0.0,0.0,-447.0
Jordan Poole,SG,GSW,23.0,82.0,44.0,38.0,2458.1,1675.0,550.0,1278.0,43.0,214.0,637.0,33.6,361.0,415.0,87.0,32.0,193.0,225.0,369.0,252.0,63.0,21.0,214.0,2499.0,1.0,0.0,-11.0
Mikal Bridges,SF,BKN,26.0,83.0,42.0,41.0,2963.2,1671.0,593.0,1267.0,46.8,169.0,442.0,38.2,316.0,353.0,89.5,79.0,285.0,364.0,273.0,127.0,91.0,61.0,159.0,2846.0,2.0,0.0,36.0
Stephen Curry,PG,GSW,35.0,56.0,30.0,26.0,1941.2,1648.0,559.0,1133.0,49.3,273.0,639.0,42.7,257.0,281.0,91.5,39.0,302.0,341.0,352.0,179.0,52.0,20.0,117.0,2622.0,12.0,1.0,268.0
Jalen Brunson,PG,NYK,26.0,68.0,40.0,28.0,2378.7,1633.0,587.0,1195.0,49.1,134.0,322.0,41.6,325.0,392.0,82.9,40.0,201.0,241.0,421.0,142.0,61.0,15.0,152.0,2640.0,5.0,0.0,152.0
Kyrie Irving,PG,DAL,31.0,60.0,32.0,28.0,2240.6,1623.0,594.0,1203.0,49.4,188.0,496.0,37.9,247.0,273.0,90.5,59.0,245.0,304.0,331.0,128.0,66.0,45.0,165.0,2689.0,5.0,0.0,222.0
Ja Morant,PG,MEM,23.0,61.0,40.0,21.0,1948.3,1596.0,566.0,1214.0,46.6,92.0,300.0,30.7,372.0,497.0,74.8,61.0,296.0,357.0,493.0,206.0,66.0,16.0,100.0,2804.0,20.0,7.0,302.0
LeBron James,SF,LAL,38.0,55.0,30.0,25.0,1953.9,1590.0,609.0,1219.0,50.0,121.0,377.0,32.1,251.0,327.0,76.8,65.0,392.0,457.0,375.0,178.0,50.0,32.0,88.0,2769.0,18.0,2.0,214.0
CJ McCollum,SG,NOP,31.0,75.0,38.0,37.0,2649.2,1568.0,587.0,1344.0,43.7,211.0,543.0,38.9,183.0,238.0,76.9,55.0,273.0,328.0,429.0,183.0,70.0,38.0,153.0,2746.0,6.0,0.0,59.0
Bam Adebayo,C,MIA,25.0,75.0,40.0,35.0,2598.0,1529.0,602.0,1114.0,54.0,1.0,12.0,8.3,324.0,402.0,80.6,184.0,504.0,688.0,240.0,187.0,88.0,61.0,208.0,2975.0,31.0,0.0,117.0
Dejounte Murray,SG,ATL,26.0,74.0,38.0,36.0,2693.4,1515.0,612.0,1319.0,46.4,133.0,387.0,34.4,158.0,190.0,83.2,53.0,336.0,389.0,448.0,160.0,112.0,19.0,106.0,2887.0,8.0,1.0,-62.0
Domantas Sabonis,PF,SAC,26.0,79.0,47.0,32.0,2735.6,1510.0,577.0,938.0,61.5,31.0,83.0,37.3,325.0,438.0,74.2,251.0,722.0,973.0,573.0,230.0,65.0,39.0,279.0,3619.0,65.0,14.0,212.0
Klay Thompson,SG,GSW,33.0,69.0,38.0,31.0,2278.9,1509.0,546.0,1252.0,43.6,301.0,731.0,41.2,116.0,132.0,87.9,39.0,247.0,286.0,163.0,123.0,49.0,29.0,130.0,2208.0,2.0,0.0,163.0
Kristaps Porzingis,C,WAS,27.0,65.0,27.0,38.0,2119.5,1505.0,507.0,1018.0,49.8,137.0,356.0,38.5,354.0,416.0,85.1,114.0,432.0,546.0,174.0,137.0,58.0,100.0,196.0,2758.0,20.0,0.0,80.0
Darius Garland,PG,CLE,23.0,69.0,40.0,29.0,2447.2,1490.0,522.0,1129.0,46.2,169.0,412.0,41.0,277.0,321.0,86.3,28.0,157.0,185.0,538.0,199.0,85.0,9.0,148.0,2602.0,18.0,0.0,438.0
Franz Wagner,SF,ORL,21.0,80.0,33.0,47.0,2608.7,1485.0,542.0,1118.0,48.5,130.0,360.0,36.1,271.0,322.0,84.2,70.0,259.0,329.0,283.0,167.0,77.0,17.0,183.0,2419.0,2.0,0.0,50.0
Devin Booker,SG,PHX,26.0,53.0,34.0,19.0,1835.4,1471.0,527.0,1067.0,49.4,111.0,316.0,35.1,306.0,358.0,85.5,46.0,194.0,240.0,293.0,145.0,51.0,18.0,159.0,2261.0,5.0,0.0,247.0
Jimmy Butler,SF,MIA,33.0,64.0,35.0,29.0,2138.0,1466.0,479.0,888.0,53.9,36.0,103.0,35.0,472.0,555.0,85.0,141.0,234.0,375.0,340.0,101.0,117.0,21.0,80.0,2739.0,11.0,0.0,47.0
Anthony Davis,PF,LAL,30.0,56.0,31.0,25.0,1904.5,1451.0,542.0,962.0,56.3,19.0,74.0,25.7,348.0,444.0,78.4,195.0,507.0,702.0,148.0,122.0,59.0,114.0,146.0,2912.0,40.0,0.0,205.0
Nikola Vucevic,C,CHI,32.0,82.0,40.0,42.0,2746.4,1447.0,597.0,1148.0,52.0,121.0,347.0,34.9,132.0,158.0,83.5,159.0,744.0,903.0,265.0,139.0,60.0,57.0,179.0,3140.0,51.0,1.0,-20.0
Paolo Banchero,PF,ORL,20.0,72.0,31.0,41.0,2429.7,1437.0,479.0,1122.0,42.7,85.0,285.0,29.8,394.0,534.0,73.8,84.0,413.0,497.0,269.0,200.0,60.0,39.0,160.0,2534.0,14.0,0.0,-215.0
RJ Barrett,SG,NYK,22.0,73.0,40.0,33.0,2475.5,1431.0,510.0,1176.0,43.4,121.0,390.0,31.0,290.0,392.0,74.0,60.0,308.0,368.0,201.0,164.0,31.0,15.0,179.0,2148.0,3.0,0.0,-62.0
Keldon Johnson,SF,SAS,23.0,63.0,17.0,46.0,2063.3,1385.0,503.0,1113.0,45.2,134.0,407.0,32.9,245.0,327.0,74.9,56.0,262.0,318.0,183.0,134.0,46.0,11.0,125.0,2078.0,5.0,0.0,-491.0
Spencer Dinwiddie,PG,BKN,30.0,79.0,41.0,38.0,2725.3,1369.0,460.0,1050.0,43.8,181.0,490.0,36.9,268.0,330.0,81.2,28.0,242.0,270.0,515.0,145.0,67.0,24.0,187.0,2594.0,9.0,0.0,-8.0
Kevin Durant,PF,PHX,34.0,47.0,34.0,13.0,1671.8,1366.0,483.0,862.0,56.0,93.0,230.0,40.4,307.0,334.0,91.9,17.0,296.0,313.0,235.0,156.0,34.0,67.0,99.0,2241.0,5.0,1.0,258.0
Kyle Kuzma,SF,WAS,27.0,64.0,29.0,35.0,2238.9,1357.0,512.0,1142.0,44.8,160.0,481.0,33.3,173.0,237.0,73.0,55.0,408.0,463.0,239.0,190.0,36.0,29.0,145.0,2276.0,14.0,1.0,10.0
Tyler Herro,PG,MIA,23.0,67.0,37.0,30.0,2335.4,1347.0,487.0,1109.0,43.9,203.0,537.0,37.8,170.0,182.0,93.4,27.0,333.0,360.0,280.0,158.0,51.0,16.0,101.0,2242.0,6.0,1.0,170.0
Buddy Hield,SG,IND,30.0,80.0,35.0,45.0,2481.9,1344.0,475.0,1038.0,45.8,288.0,677.0,42.5,106.0,129.0,82.2,67.0,333.0,400.0,225.0,139.0,92.0,26.0,156.0,2377.0,3.0,0.0,-84.0
Fred VanVleet,SG,TOR,29.0,69.0,34.0,35.0,2535.0,1335.0,437.0,1112.0,39.3,207.0,606.0,34.2,254.0,283.0,89.8,30.0,250.0,280.0,495.0,140.0,123.0,38.0,193.0,2757.0,10.0,1.0,195.0
Paul George,F,LAC,33.0,56.0,32.0,24.0,1938.9,1332.0,459.0,1004.0,45.7,158.0,426.0,37.1,256.0,294.0,87.1,45.0,297.0,342.0,288.0,176.0,83.0,20.0,159.0,2307.0,8.0,1.0,157.0
Terry Rozier,SG,CHA,29.0,63.0,19.0,44.0,2220.9,1329.0,493.0,1188.0,41.5,165.0,505.0,32.7,178.0,220.0,80.9,51.0,208.0,259.0,319.0,134.0,74.0,16.0,119.0,2254.0,1.0,0.0,-288.0
Anfernee Simons,SG,POR,23.0,62.0,27.0,35.0,2170.7,1306.0,467.0,1045.0,44.7,212.0,562.0,37.7,160.0,179.0,89.4,18.0,143.0,161.0,253.0,128.0,42.0,14.0,142.0,1919.0,0.0,0.0,-75.0
Bennedict Mathurin,SG,IND,20.0,78.0,33.0,45.0,2222.4,1302.0,413.0,951.0,43.4,100.0,310.0,32.3,376.0,454.0,82.8,87.0,231.0,318.0,116.0,152.0,48.0,13.0,162.0,1889.0,0.0,0.0,-179.0
Jamal Murray,PG,DEN,26.0,65.0,43.0,22.0,2133.4,1298.0,473.0,1041.0,45.4,172.0,432.0,39.8,180.0,216.0,83.3,48.0,209.0,257.0,400.0,145.0,66.0,16.0,103.0,2307.0,5.0,1.0,300.0
Jerami Grant,SF,POR,29.0,63.0,28.0,35.0,2245.5,1290.0,434.0,913.0,47.5,144.0,359.0,40.1,278.0,342.0,81.3,53.0,230.0,283.0,150.0,116.0,51.0,53.0,152.0,2051.0,2.0,0.0,-35.0
Jrue Holiday,PG,MIL,32.0,67.0,50.0,17.0,2182.5,1290.0,490.0,1023.0,47.9,158.0,411.0,38.4,152.0,177.0,85.9,79.0,262.0,341.0,495.0,197.0,79.0,25.0,116.0,2557.0,16.0,0.0,481.0
Evan Mobley,PF,CLE,21.0,79.0,48.0,31.0,2715.3,1277.0,525.0,947.0,55.4,22.0,102.0,21.6,205.0,304.0,67.4,187.0,524.0,711.0,224.0,146.0,60.0,119.0,218.0,2857.0,24.0,0.0,339.0
Bojan Bogdanovic,SF,DET,34.0,59.0,15.0,44.0,1892.9,1273.0,430.0,882.0,48.8,145.0,353.0,41.1,268.0,303.0,88.4,36.0,187.0,223.0,152.0,135.0,34.0,8.0,113.0,1760.0,0.0,0.0,-330.0
Jordan Clarkson,PG,UTA,30.0,61.0,30.0,31.0,1988.3,1271.0,458.0,1031.0,44.4,155.0,459.0,33.8,200.0,245.0,81.6,72.0,174.0,246.0,270.0,186.0,33.0,13.0,120.0,1923.0,3.0,0.0,35.0
D'Angelo Russell,PG,LAL,27.0,71.0,39.0,32.0,2304.1,1263.0,445.0,948.0,46.9,194.0,490.0,39.6,179.0,216.0,82.9,35.0,180.0,215.0,437.0,186.0,70.0,29.0,140.0,2288.0,9.0,0.0,85.0
Josh Giddey,SG,OKC,20.0,76.0,34.0,42.0,2367.3,1260.0,539.0,1118.0,48.2,76.0,234.0,32.5,106.0,145.0,73.1,148.0,451.0,599.0,469.0,211.0,57.0,31.0,143.0,2735.0,28.0,4.0,-105.0
Desmond Bane,SG,MEM,24.0,58.0,38.0,20.0,1841.5,1247.0,450.0,939.0,47.9,166.0,407.0,40.8,181.0,205.0,88.3,43.0,248.0,291.0,254.0,126.0,56.0,22.0,150.0,2085.0,1.0,0.0,356.0
Brook Lopez,C,MIL,35.0,78.0,57.0,21.0,2372.5,1239.0,477.0,899.0,53.1,136.0,364.0,37.4,149.0,190.0,78.4,157.0,363.0,520.0,99.0,107.0,37.0,193.0,203.0,2595.0,11.0,0.0,398.0
Kawhi Leonard,SF,LAC,31.0,52.0,33.0,19.0,1747.5,1239.0,446.0,871.0,51.2,104.0,250.0,41.6,243.0,279.0,87.1,57.0,281.0,338.0,204.0,88.0,72.0,28.0,84.0,2163.0,4.0,0.0,220.0
Harrison Barnes,SF,SAC,30.0,82.0,48.0,34.0,2662.0,1230.0,374.0,791.0,47.3,132.0,353.0,37.4,350.0,413.0,84.7,87.0,279.0,366.0,128.0,86.0,57.0,10.0,103.0,1976.0,0.0,0.0,255.0
Tyrese Maxey,PG,PHI,22.0,60.0,39.0,21.0,2015.8,1218.0,439.0,913.0,48.1,160.0,369.0,43.4,180.0,213.0,84.5,23.0,153.0,176.0,212.0,80.0,49.0,8.0,132.0,1838.0,0.0,0.0,241.0
James Harden,SG,PHI,33.0,58.0,39.0,19.0,2135.0,1216.0,371.0,842.0,44.1,161.0,418.0,38.5,313.0,361.0,86.7,40.0,314.0,354.0,618.0,195.0,71.0,31.0,112.0,2679.0,36.0,5.0,277.0
Immanuel Quickley,SG,NYK,23.0,81.0,47.0,34.0,2344.1,1209.0,419.0,936.0,44.8,168.0,454.0,37.0,203.0,248.0,81.9,58.0,279.0,337.0,279.0,100.0,80.0,14.0,166.0,2214.0,4.0,0.0,318.0
Jaden Ivey,PG,DET,21.0,74.0,16.0,58.0,2304.3,1204.0,409.0,983.0,41.6,120.0,350.0,34.3,266.0,356.0,74.7,73.0,215.0,288.0,387.0,237.0,61.0,17.0,242.0,2127.0,8.0,0.0,-642.0
Deandre Ayton,C,PHX,24.0,67.0,36.0,31.0,2035.3,1203.0,522.0,887.0,58.9,7.0,24.0,29.2,152.0,200.0,76.0,172.0,495.0,667.0,115.0,120.0,37.0,53.0,190.0,2326.0,36.0,0.0,-7.0
Scottie Barnes,SF,TOR,21.0,77.0,38.0,39.0,2677.6,1179.0,463.0,1016.0,45.6,63.0,224.0,28.1,190.0,246.0,77.2,179.0,333.0,512.0,371.0,154.0,83.0,61.0,170.0,2628.0,15.0,1.0,175.0
Jaren Jackson Jr.,PF,MEM,23.0,63.0,41.0,22.0,1787.5,1173.0,416.0,822.0,50.6,100.0,282.0,35.5,241.0,306.0,78.8,108.0,318.0,426.0,60.0,107.0,65.0,189.0,227.0,2429.0,7.0,0.0,366.0
Bradley Beal,SG,WAS,29.0,50.0,24.0,26.0,1672.9,1160.0,444.0,878.0,50.6,80.0,219.0,36.5,192.0,228.0,84.2,41.0,155.0,196.0,271.0,145.0,45.0,33.0,107.0,1891.0,2.0,0.0,42.0
Tyrese Haliburton,PG,IND,23.0,56.0,28.0,28.0,1882.9,1160.0,412.0,841.0,49.0,161.0,402.0,40.0,175.0,201.0,87.1,33.0,172.0,205.0,585.0,141.0,91.0,25.0,69.0,2491.0,32.0,0.0,-35.0
Russell Westbrook,PG,LAC,34.0,73.0,36.0,37.0,2125.8,1159.0,432.0,991.0,43.6,89.0,286.0,31.1,206.0,314.0,65.6,89.0,334.0,423.0,551.0,255.0,76.0,33.0,162.0,2565.0,24.0,4.0,-21.0
Gary Trent Jr.,SG,TOR,24.0,66.0,31.0,35.0,2118.0,1148.0,405.0,935.0,43.3,166.0,450.0,36.9,172.0,205.0,83.9,30.0,143.0,173.0,106.0,55.0,104.0,14.0,102.0,1814.0,0.0,0.0,-52.0
Trey Murphy III,SG,NOP,22.0,79.0,39.0,40.0,2448.0,1148.0,387.0,800.0,48.4,202.0,497.0,40.6,172.0,190.0,90.5,59.0,222.0,281.0,112.0,61.0,89.0,43.0,155.0,1988.0,1.0,0.0,38.0
P.J. Washington,PF,CHA,24.0,73.0,24.0,49.0,2379.6,1144.0,434.0,978.0,44.4,149.0,428.0,34.8,127.0,174.0,73.0,73.0,285.0,358.0,175.0,110.0,66.0,79.0,193.0,2161.0,3.0,0.0,-375.0
Kevin Huerter,SG,SAC,24.0,75.0,44.0,31.0,2202.8,1140.0,420.0,866.0,48.5,205.0,510.0,40.2,95.0,131.0,72.5,42.0,209.0,251.0,221.0,97.0,80.0,24.0,181.0,1988.0,0.0,0.0,222.0
Kevin Porter Jr.,SG,HOU,22.0,59.0,18.0,41.0,2023.9,1130.0,391.0,884.0,44.2,141.0,385.0,36.6,207.0,264.0,78.4,76.0,238.0,314.0,338.0,188.0,82.0,17.0,156.0,2123.0,9.0,1.0,-343.0
O.G. Anunoby,SF,TOR,25.0,67.0,33.0,34.0,2385.7,1124.0,421.0,885.0,47.6,142.0,367.0,38.7,140.0,167.0,83.8,95.0,237.0,332.0,131.0,132.0,128.0,50.0,200.0,2121.0,2.0,0.0,132.0
Jonas Valanciunas,C,NOP,30.0,79.0,40.0,39.0,1968.2,1115.0,446.0,816.0,54.7,38.0,109.0,34.9,185.0,224.0,82.6,225.0,579.0,804.0,140.0,159.0,20.0,52.0,245.0,2347.0,43.0,0.0,-10.0
Christian Wood,F,DAL,27.0,67.0,33.0,34.0,1738.4,1114.0,396.0,769.0,51.5,105.0,279.0,37.6,217.0,281.0,77.2,87.0,404.0,491.0,121.0,121.0,30.0,72.0,169.0,2070.0,12.0,0.0,-46.0
Myles Turner,C,IND,27.0,62.0,29.0,33.0,1825.2,1113.0,402.0,733.0,54.8,93.0,249.0,37.3,216.0,276.0,78.3,88.0,378.0,466.0,89.0,103.0,36.0,140.0,215.0,2231.0,18.0,0.0,-47.0
Brandon Ingram,SF,NOP,25.0,45.0,23.0,22.0,1538.1,1112.0,404.0,835.0,48.4,64.0,164.0,39.0,240.0,272.0,88.2,23.0,223.0,246.0,262.0,148.0,32.0,19.0,116.0,1805.0,6.0,2.0,96.0
Aaron Gordon,PF,DEN,27.0,68.0,45.0,23.0,2055.1,1109.0,429.0,761.0,56.4,60.0,173.0,34.7,191.0,314.0,60.8,164.0,282.0,446.0,203.0,98.0,54.0,51.0,129.0,2166.0,11.0,0.0,518.0
Alperen Sengun,C,HOU,20.0,75.0,18.0,57.0,2170.7,1109.0,442.0,799.0,55.3,19.0,57.0,33.3,206.0,288.0,71.5,242.0,436.0,678.0,291.0,193.0,70.0,70.0,258.0,2586.0,29.0,2.0,-283.0
Tobias Harris,PF,PHI,30.0,74.0,47.0,27.0,2435.9,1085.0,423.0,845.0,50.1,126.0,324.0,38.9,113.0,129.0,87.6,67.0,357.0,424.0,186.0,89.0,68.0,40.0,149.0,2108.0,7.0,0.0,296.0
Michael Porter Jr.,SF,DEN,24.0,62.0,41.0,21.0,1797.9,1080.0,398.0,817.0,48.7,188.0,454.0,41.4,96.0,120.0,80.0,64.0,277.0,341.0,65.0,68.0,37.0,29.0,119.0,1717.0,3.0,0.0,418.0
Saddiq Bey,SF,ATL,24.0,77.0,24.0,53.0,2128.7,1062.0,353.0,836.0,42.2,151.0,418.0,36.1,205.0,238.0,86.1,98.0,264.0,362.0,118.0,71.0,70.0,13.0,123.0,1851.0,4.0,0.0,-147.0
Jalen Williams,F,OKC,22.0,75.0,36.0,39.0,2275.6,1056.0,414.0,794.0,52.1,73.0,205.0,35.6,155.0,191.0,81.2,84.0,253.0,337.0,248.0,123.0,103.0,35.0,191.0,2123.0,3.0,0.0,-53.0
Dillon Brooks,SF,MEM,27.0,73.0,46.0,27.0,2214.3,1047.0,392.0,991.0,39.6,143.0,439.0,32.6,120.0,154.0,77.9,45.0,199.0,244.0,189.0,104.0,65.0,16.0,240.0,1762.0,0.0,0.0,205.0
Malik Monk,SG,SAC,25.0,77.0,47.0,30.0,1719.2,1041.0,357.0,796.0,44.8,143.0,398.0,35.9,184.0,207.0,88.9,32.0,171.0,203.0,298.0,146.0,49.0,20.0,125.0,1793.0,0.0,0.0,68.0
Kenyon Martin Jr.,F,HOU,22.0,82.0,22.0,60.0,2292.2,1039.0,410.0,720.0,56.9,68.0,216.0,31.5,151.0,222.0,68.0,126.0,326.0,452.0,123.0,91.0,41.0,30.0,147.0,1888.0,5.0,0.0,-368.0
De'Andre Hunter,SF,ATL,25.0,67.0,35.0,32.0,2125.6,1029.0,379.0,822.0,46.1,100.0,286.0,35.0,171.0,207.0,82.6,46.0,238.0,284.0,94.0,82.0,35.0,17.0,199.0,1585.0,1.0,0.0,-18.0
Malik Beasley,SG,LAL,26.0,81.0,45.0,36.0,2093.1,1025.0,370.0,937.0,39.5,235.0,658.0,35.7,50.0,65.0,76.9,35.0,248.0,283.0,124.0,90.0,65.0,9.0,107.0,1683.0,1.0,0.0,-87.0
Norman Powell,G,LAC,29.0,60.0,31.0,29.0,1567.1,1019.0,340.0,710.0,47.9,114.0,287.0,39.7,225.0,277.0,81.2,24.0,151.0,175.0,109.0,101.0,50.0,18.0,125.0,1496.0,0.0,0.0,-124.0
Tim Hardaway Jr.,SF,DAL,31.0,71.0,37.0,34.0,2152.2,1019.0,340.0,847.0,40.1,212.0,550.0,38.5,127.0,165.0,77.0,21.0,230.0,251.0,129.0,60.0,49.0,12.0,120.0,1637.0,0.0,0.0,160.0
Derrick White,PG,BOS,28.0,82.0,57.0,25.0,2319.3,1017.0,350.0,758.0,46.2,149.0,391.0,38.1,168.0,192.0,87.5,52.0,241.0,293.0,321.0,95.0,54.0,76.0,177.0,2145.0,7.0,0.0,488.0
Luguentz Dort,G,OKC,24.0,74.0,36.0,38.0,2272.4,1013.0,339.0,873.0,38.8,135.0,409.0,33.0,200.0,259.0,77.2,128.0,216.0,344.0,154.0,92.0,75.0,23.0,243.0,1859.0,5.0,0.0,34.0
Jabari Smith Jr.,PF,HOU,19.0,79.0,21.0,58.0,2450.5,1010.0,364.0,892.0,40.8,120.0,391.0,30.7,162.0,206.0,78.6,122.0,447.0,569.0,101.0,104.0,43.0,74.0,227.0,2091.0,16.0,0.0,-555.0
Malcolm Brogdon,PG,BOS,30.0,67.0,46.0,21.0,1743.8,1000.0,354.0,732.0,48.4,132.0,297.0,44.4,160.0,184.0,87.0,42.0,238.0,280.0,248.0,98.0,45.0,18.0,109.0,1799.0,0.0,0.0,182.0
Bobby Portis,F,MIL,28.0,70.0,47.0,23.0,1818.4,987.0,398.0,803.0,49.6,95.0,257.0,37.0,96.0,125.0,76.8,154.0,518.0,672.0,105.0,81.0,29.0,16.0,115.0,2005.0,38.0,0.0,17.0
Keegan Murray,SF,SAC,22.0,80.0,47.0,33.0,2381.7,976.0,354.0,782.0,45.3,206.0,501.0,41.1,62.0,81.0,76.5,89.0,282.0,371.0,98.0,60.0,61.0,42.0,162.0,1817.0,4.0,0.0,99.0
Kelly Oubre Jr.,SG,CHA,27.0,48.0,16.0,32.0,1547.5,972.0,353.0,819.0,43.1,108.0,339.0,31.9,158.0,208.0,76.0,65.0,184.0,249.0,54.0,64.0,68.0,18.0,141.0,1546.0,3.0,0.0,-278.0
Jarrett Allen,C,CLE,25.0,68.0,44.0,24.0,2220.1,969.0,403.0,626.0,64.4,1.0,10.0,10.0,162.0,221.0,73.3,221.0,445.0,666.0,113.0,93.0,54.0,84.0,153.0,2259.0,32.0,0.0,345.0
Nic Claxton,C,BKN,24.0,76.0,41.0,35.0,2270.7,961.0,414.0,587.0,70.5,0.0,2.0,0.0,133.0,246.0,54.1,184.0,518.0,702.0,144.0,96.0,65.0,189.0,212.0,2685.0,28.0,0.0,119.0
Jaden McDaniels,PF,MIN,22.0,79.0,41.0,38.0,2416.5,953.0,370.0,716.0,51.7,107.0,269.0,39.8,106.0,144.0,73.6,92.0,215.0,307.0,148.0,112.0,74.0,76.0,272.0,1881.0,0.0,0.0,70.0
Rudy Gobert,C,MIN,30.0,70.0,34.0,36.0,2148.5,939.0,360.0,546.0,65.9,0.0,3.0,0.0,219.0,340.0,64.4,231.0,583.0,814.0,87.0,122.0,56.0,95.0,210.0,2377.0,35.0,0.0,-7.0
John Collins,PF,ATL,25.0,71.0,37.0,34.0,2129.6,931.0,359.0,707.0,50.8,70.0,240.0,29.2,143.0,178.0,80.3,77.0,385.0,462.0,85.0,79.0,42.0,73.0,220.0,1879.0,11.0,0.0,-21.0
Bruce Brown,SF,DEN,26.0,80.0,53.0,27.0,2279.5,923.0,358.0,741.0,48.3,91.0,254.0,35.8,116.0,153.0,75.8,63.0,265.0,328.0,268.0,123.0,87.0,51.0,190.0,2010.0,3.0,1.0,31.0
Max Strus,SG,MIA,27.0,80.0,42.0,38.0,2272.0,923.0,324.0,790.0,41.0,197.0,563.0,35.0,78.0,89.0,87.6,49.0,209.0,258.0,171.0,69.0,42.0,12.0,166.0,1582.0,2.0,0.0,-145.0
Caris LeVert,SG,CLE,28.0,74.0,45.0,29.0,2237.3,897.0,320.0,742.0,43.1,127.0,324.0,39.2,130.0,180.0,72.2,53.0,229.0,282.0,287.0,116.0,72.0,24.0,170.0,1838.0,1.0,0.0,194.0
Jakob Poeltl,C,TOR,27.0,72.0,26.0,46.0,1906.1,897.0,389.0,618.0,62.9,0.0,1.0,0.0,119.0,201.0,59.2,236.0,417.0,653.0,197.0,125.0,66.0,86.0,195.0,2307.0,19.0,0.0,-146.0
Tre Jones,PG,SAS,23.0,68.0,20.0,48.0,1983.7,875.0,341.0,743.0,45.9,45.0,158.0,28.5,148.0,172.0,86.0,56.0,189.0,245.0,448.0,110.0,89.0,9.0,98.0,2025.0,6.0,2.0,-325.0
Wendell Carter Jr.,C,ORL,24.0,57.0,26.0,31.0,1689.5,868.0,322.0,613.0,52.5,80.0,225.0,35.6,144.0,195.0,73.8,120.0,377.0,497.0,132.0,106.0,30.0,33.0,159.0,1745.0,21.0,0.0,-41.0
Mason Plumlee,C,LAC,33.0,79.0,28.0,51.0,2052.9,857.0,329.0,484.0,68.0,0.0,0.0,0.0,199.0,313.0,63.6,229.0,471.0,700.0,245.0,117.0,46.0,47.0,217.0,2227.0,23.0,0.0,-269.0
Eric Gordon,SG,LAC,34.0,69.0,25.0,44.0,1965.5,856.0,291.0,653.0,44.6,132.0,356.0,37.1,142.0,173.0,82.1,16.0,118.0,134.0,183.0,104.0,43.0,25.0,78.0,1391.0,0.0,0.0,-210.0
Kelly Olynyk,PF,UTA,32.0,68.0,28.0,40.0,1941.6,847.0,278.0,557.0,49.9,93.0,236.0,39.4,198.0,232.0,85.3,82.0,338.0,420.0,252.0,168.0,60.0,37.0,232.0,1852.0,9.0,0.0,14.0
LaMelo Ball,PG,CHA,21.0,36.0,13.0,23.0,1267.8,838.0,296.0,721.0,41.1,144.0,383.0,37.6,102.0,121.0,84.3,42.0,189.0,231.0,304.0,129.0,46.0,11.0,118.0,1613.0,17.0,3.0,-150.0
Markelle Fultz,PG,ORL,24.0,60.0,29.0,31.0,1777.9,837.0,349.0,679.0,51.4,27.0,87.0,31.0,112.0,143.0,78.3,69.0,165.0,234.0,341.0,139.0,87.0,26.0,131.0,1829.0,3.0,0.0,-130.0
Austin Reaves,SG,LAL,24.0,64.0,35.0,29.0,1843.2,833.0,259.0,490.0,52.9,86.0,216.0,39.8,229.0,265.0,86.4,33.0,160.0,193.0,215.0,99.0,33.0,19.0,108.0,1444.0,1.0,0.0,214.0
Patrick Williams,PF,CHI,21.0,82.0,40.0,42.0,2322.8,833.0,314.0,677.0,46.4,115.0,277.0,41.5,90.0,105.0,85.7,78.0,249.0,327.0,100.0,101.0,72.0,70.0,147.0,1700.0,1.0,0.0,-142.0
Dennis Schroder,PG,LAL,29.0,66.0,37.0,29.0,1985.9,830.0,270.0,650.0,41.5,74.0,225.0,32.9,216.0,252.0,85.7,21.0,144.0,165.0,298.0,112.0,50.0,10.0,145.0,1543.0,2.0,0.0,125.0
Kentavious Caldwell-Pope,SG,DEN,30.0,76.0,51.0,25.0,2381.2,822.0,292.0,632.0,46.2,135.0,319.0,42.3,103.0,125.0,82.4,35.0,173.0,208.0,183.0,86.0,112.0,35.0,145.0,1701.0,0.0,0.0,493.0
Tyus Jones,PG,MEM,26.0,80.0,51.0,29.0,1939.4,822.0,311.0,710.0,43.8,121.0,326.0,37.1,79.0,98.0,80.6,28.0,172.0,200.0,417.0,74.0,83.0,6.0,32.0,1881.0,9.0,1.0,95.0
Corey Kispert,SF,WAS,24.0,74.0,31.0,43.0,2093.3,820.0,291.0,585.0,49.7,163.0,384.0,42.4,75.0,88.0,85.2,33.0,174.0,207.0,87.0,55.0,32.0,9.0,97.0,1267.0,0.0,0.0,-124.0
Chris Paul,PG,PHX,37.0,59.0,33.0,26.0,1888.6,819.0,294.0,668.0,44.0,98.0,261.0,37.5,133.0,160.0,83.1,27.0,224.0,251.0,524.0,114.0,91.0,22.0,126.0,2131.0,17.0,0.0,84.0
Ivica Zubac,C,LAC,26.0,76.0,43.0,33.0,2169.4,818.0,326.0,514.0,63.4,0.0,2.0,0.0,166.0,238.0,69.7,236.0,520.0,756.0,77.0,117.0,29.0,98.0,219.0,2105.0,27.0,0.0,-33.0
Quentin Grimes,SG,NYK,22.0,71.0,41.0,30.0,2120.9,799.0,282.0,602.0,46.8,157.0,407.0,38.6,78.0,98.0,79.6,49.0,180.0,229.0,150.0,69.0,47.0,26.0,177.0,1449.0,0.0,0.0,186.0
Mike Conley,PG,MIN,35.0,67.0,34.0,33.0,2028.1,798.0,261.0,610.0,42.8,135.0,351.0,38.5,141.0,169.0,83.4,33.0,149.0,182.0,450.0,103.0,73.0,14.0,139.0,1849.0,6.0,0.0,60.0
Onyeka Okongwu,PF,ATL,22.0,80.0,41.0,39.0,1848.6,791.0,317.0,497.0,63.8,4.0,13.0,30.8,153.0,196.0,78.1,217.0,359.0,576.0,81.0,81.0,56.0,107.0,251.0,2012.0,12.0,0.0,63.0
Shaedon Sharpe,SG,POR,19.0,80.0,32.0,48.0,1778.6,789.0,306.0,648.0,47.2,102.0,283.0,36.0,75.0,105.0,71.4,63.0,173.0,236.0,94.0,83.0,38.0,24.0,136.0,1316.0,0.0,0.0,-297.0
Killian Hayes,PG,DET,21.0,76.0,16.0,60.0,2153.6,786.0,307.0,815.0,37.7,80.0,286.0,28.0,92.0,112.0,82.1,28.0,193.0,221.0,470.0,173.0,104.0,28.0,219.0,1979.0,6.0,0.0,-500.0
Cole Anthony,PG,ORL,22.0,60.0,28.0,32.0,1551.8,781.0,277.0,610.0,45.4,75.0,206.0,36.4,152.0,170.0,89.4,47.0,241.0,288.0,235.0,91.0,37.0,31.0,158.0,1592.0,1.0,0.0,-26.0
Naz Reid,C,MIN,23.0,68.0,32.0,36.0,1250.9,781.0,310.0,577.0,53.7,75.0,217.0,34.6,86.0,127.0,67.7,73.0,260.0,333.0,77.0,92.0,42.0,53.0,176.0,1489.0,4.0,0.0,-128.0
De'Anthony Melton,SG,PHI,24.0,77.0,50.0,27.0,2149.8,780.0,277.0,651.0,42.5,157.0,403.0,39.0,69.0,87.0,79.3,69.0,243.0,312.0,197.0,102.0,126.0,41.0,191.0,1849.0,0.0,0.0,102.0
Clint Capela,C,ATL,28.0,65.0,35.0,30.0,1730.1,779.0,350.0,536.0,65.3,0.0,1.0,0.0,79.0,131.0,60.3,258.0,459.0,717.0,58.0,54.0,45.0,79.0,139.0,2044.0,35.0,0.0,-30.0
Tari Eason,F,HOU,21.0,82.0,22.0,60.0,1767.2,760.0,296.0,660.0,44.8,59.0,172.0,34.3,109.0,145.0,75.2,195.0,301.0,496.0,88.0,101.0,96.0,47.0,189.0,1815.0,7.0,0.0,-157.0
Bogdan Bogdanovic,SG,ATL,30.0,54.0,27.0,27.0,1508.6,756.0,273.0,611.0,44.7,146.0,360.0,40.6,64.0,77.0,83.1,23.0,142.0,165.0,150.0,65.0,43.0,18.0,86.0,1297.0,0.0,0.0,64.0
Jalen McDaniels,PF,PHI,25.0,80.0,31.0,49.0,1912.9,755.0,281.0,617.0,45.5,77.0,232.0,33.2,116.0,138.0,84.1,63.0,283.0,346.0,130.0,93.0,83.0,34.0,209.0,1623.0,3.0,0.0,-149.0
Zion Williamson,PF,NOP,22.0,29.0,17.0,12.0,956.1,754.0,285.0,469.0,60.8,7.0,19.0,36.8,177.0,248.0,71.4,58.0,144.0,202.0,133.0,99.0,32.0,16.0,65.0,1241.0,5.0,0.0,149.0
Grayson Allen,SG,MIL,27.0,72.0,53.0,19.0,1972.1,750.0,245.0,557.0,44.0,146.0,366.0,39.9,114.0,126.0,90.5,61.0,176.0,237.0,163.0,72.0,62.0,14.0,117.0,1435.0,0.0,0.0,227.0
Josh Hart,SG,NYK,28.0,76.0,42.0,34.0,2454.0,743.0,275.0,520.0,52.9,61.0,164.0,37.2,132.0,176.0,75.0,142.0,451.0,593.0,290.0,117.0,88.0,21.0,195.0,2100.0,10.0,0.0,315.0
Aaron Nesmith,SF,IND,23.0,73.0,30.0,43.0,1816.4,738.0,252.0,590.0,42.7,115.0,314.0,36.6,119.0,142.0,83.8,62.0,215.0,277.0,98.0,75.0,55.0,34.0,235.0,1409.0,1.0,0.0,-211.0
Gordon Hayward,SF,CHA,33.0,50.0,20.0,30.0,1576.9,733.0,276.0,581.0,47.5,52.0,160.0,32.5,129.0,159.0,81.1,33.0,182.0,215.0,206.0,99.0,42.0,12.0,70.0,1363.0,2.0,0.0,-108.0
Zach Collins,PF,SAS,25.0,63.0,20.0,43.0,1440.6,731.0,284.0,548.0,51.8,55.0,147.0,37.4,108.0,142.0,76.1,116.0,286.0,402.0,180.0,129.0,37.0,49.0,199.0,1612.0,9.0,0.0,-239.0
Marcus Morris Sr.,SF,LAC,33.0,65.0,35.0,30.0,1825.1,728.0,274.0,643.0,42.6,112.0,307.0,36.5,68.0,87.0,78.2,29.0,229.0,258.0,114.0,56.0,42.0,21.0,136.0,1342.0,2.0,0.0,-16.0
Coby White,PG,CHI,23.0,74.0,37.0,37.0,1730.2,715.0,263.0,594.0,44.3,128.0,344.0,37.2,61.0,70.0,87.1,16.0,196.0,212.0,204.0,74.0,54.0,6.0,122.0,1381.0,1.0,0.0,143.0
Terance Mann,SG,LAC,26.0,81.0,44.0,37.0,1872.2,713.0,272.0,524.0,51.9,77.0,198.0,38.9,92.0,118.0,78.0,77.0,199.0,276.0,184.0,80.0,42.0,22.0,149.0,1432.0,1.0,0.0,2.0
Chris Boucher,PF,TOR,30.0,76.0,39.0,37.0,1523.5,712.0,261.0,529.0,49.3,62.0,189.0,32.8,128.0,168.0,76.2,157.0,264.0,421.0,29.0,41.0,47.0,64.0,143.0,1553.0,9.0,0.0,-18.0
Andrew Nembhard,PG,IND,23.0,75.0,32.0,43.0,2073.5,709.0,284.0,644.0,44.1,92.0,263.0,35.0,49.0,62.0,79.0,35.0,164.0,199.0,341.0,126.0,70.0,13.0,179.0,1582.0,5.0,0.0,-263.0
Rui Hachimura,PF,LAL,25.0,63.0,38.0,25.0,1466.0,707.0,284.0,584.0,48.6,51.0,160.0,31.9,88.0,119.0,73.9,53.0,230.0,283.0,58.0,53.0,19.0,26.0,72.0,1216.0,2.0,0.0,-28.0
Daniel Gafford,C,WAS,24.0,78.0,32.0,46.0,1604.2,705.0,289.0,395.0,73.2,0.0,0.0,0.0,127.0,187.0,67.9,163.0,270.0,433.0,84.0,85.0,33.0,99.0,187.0,1662.0,10.0,0.0,-89.0
Jaylen Nowell,SG,MIN,23.0,65.0,34.0,31.0,1251.7,704.0,280.0,625.0,44.8,67.0,232.0,28.9,77.0,99.0,77.8,36.0,134.0,170.0,132.0,65.0,42.0,5.0,101.0,1182.0,0.0,0.0,-8.0
Devin Vassell,SG,SAS,22.0,38.0,12.0,26.0,1178.1,703.0,261.0,595.0,43.9,103.0,266.0,38.7,78.0,100.0,78.0,8.0,140.0,148.0,136.0,57.0,43.0,17.0,57.0,1208.0,0.0,0.0,-295.0
Marcus Smart,PG,BOS,29.0,61.0,43.0,18.0,1956.8,703.0,250.0,602.0,41.5,115.0,342.0,33.6,88.0,118.0,74.6,46.0,145.0,191.0,382.0,143.0,93.0,23.0,172.0,1710.0,6.0,0.0,240.0
Naji Marshall,SF,NOP,25.0,77.0,40.0,37.0,1792.0,698.0,247.0,571.0,43.3,66.0,218.0,30.3,138.0,175.0,78.9,48.0,231.0,279.0,189.0,97.0,54.0,14.0,113.0,1423.0,0.0,0.0,6.0
Talen Horton-Tucker,SG,UTA,22.0,65.0,30.0,35.0,1313.2,698.0,257.0,613.0,41.9,58.0,203.0,28.6,126.0,168.0,75.0,41.0,169.0,210.0,246.0,126.0,41.0,29.0,108.0,1403.0,2.0,0.0,-8.0
Deni Avdija,SF,WAS,22.0,76.0,33.0,43.0,2020.4,697.0,253.0,579.0,43.7,69.0,232.0,29.7,122.0,165.0,73.9,74.0,413.0,487.0,211.0,123.0,65.0,29.0,209.0,1757.0,11.0,0.0,-51.0
Santi Aldama,PF,MEM,22.0,77.0,47.0,30.0,1681.7,696.0,247.0,525.0,47.0,94.0,266.0,35.3,108.0,144.0,75.0,85.0,286.0,371.0,97.0,60.0,45.0,48.0,143.0,1506.0,4.0,0.0,91.0
Jusuf Nurkic,C,POR,28.0,52.0,24.0,28.0,1391.4,694.0,262.0,505.0,51.9,43.0,119.0,36.1,127.0,192.0,66.1,114.0,357.0,471.0,149.0,119.0,43.0,44.0,185.0,1625.0,18.0,0.0,9.0
Reggie Jackson,PG,DEN,33.0,68.0,36.0,32.0,1656.9,693.0,263.0,640.0,41.1,96.0,288.0,33.3,71.0,78.0,91.0,25.0,119.0,144.0,233.0,115.0,47.0,6.0,114.0,1259.0,1.0,0.0,-79.0
Isaiah Joe,SG,OKC,23.0,73.0,36.0,37.0,1395.3,691.0,224.0,508.0,44.1,161.0,394.0,40.9,82.0,100.0,82.0,27.0,148.0,175.0,88.0,39.0,48.0,8.0,105.0,1162.0,0.0,0.0,213.0
Ayo Dosunmu,SG,CHI,23.0,80.0,40.0,40.0,2097.6,687.0,281.0,570.0,49.3,59.0,189.0,31.2,66.0,82.0,80.5,45.0,175.0,220.0,206.0,99.0,62.0,26.0,182.0,1425.0,0.0,0.0,-77.0
Collin Sexton,PG,UTA,24.0,48.0,24.0,24.0,1145.2,685.0,237.0,468.0,50.6,48.0,122.0,39.3,163.0,199.0,81.9,37.0,68.0,105.0,138.0,85.0,27.0,6.0,112.0,1032.0,1.0,0.0,-28.0
Caleb Martin,SF,MIA,27.0,71.0,38.0,33.0,2077.7,683.0,254.0,548.0,46.4,84.0,236.0,35.6,91.0,113.0,80.5,88.0,256.0,344.0,117.0,79.0,71.0,31.0,145.0,1498.0,2.0,0.0,-9.0
Walker Kessler,C,UTA,21.0,74.0,34.0,40.0,1703.2,679.0,298.0,414.0,72.0,1.0,3.0,33.3,82.0,159.0,51.6,231.0,389.0,620.0,69.0,58.0,26.0,173.0,169.0,2066.0,20.0,0.0,72.0
Donte DiVincenzo,SG,GSW,26.0,72.0,42.0,30.0,1894.4,678.0,235.0,540.0,43.5,150.0,378.0,39.7,58.0,71.0,81.7,80.0,245.0,325.0,252.0,112.0,97.0,10.0,133.0,1655.0,4.0,0.0,124.0
Malaki Branham,G,SAS,19.0,66.0,15.0,51.0,1549.6,673.0,269.0,611.0,44.0,77.0,255.0,30.2,58.0,70.0,82.9,28.0,153.0,181.0,127.0,76.0,33.0,7.0,115.0,1125.0,0.0,0.0,-364.0
Royce O'Neale,PF,BKN,29.0,76.0,42.0,34.0,2409.2,671.0,229.0,593.0,38.6,163.0,419.0,38.9,50.0,69.0,72.5,55.0,329.0,384.0,283.0,114.0,65.0,49.0,239.0,1784.0,4.0,1.0,78.0
Cedi Osman,SF,CLE,28.0,77.0,48.0,29.0,1548.3,669.0,239.0,530.0,45.1,116.0,312.0,37.2,75.0,108.0,69.4,25.0,151.0,176.0,115.0,52.0,35.0,11.0,122.0,1139.0,1.0,0.0,228.0
Jonathan Kuminga,PF,GSW,20.0,67.0,38.0,29.0,1394.4,666.0,261.0,497.0,52.5,54.0,146.0,37.0,90.0,138.0,65.2,70.0,161.0,231.0,125.0,95.0,41.0,31.0,157.0,1252.0,1.0,0.0,-53.0
Bones Hyland,PG,LAC,22.0,56.0,36.0,20.0,1085.5,659.0,228.0,571.0,39.9,117.0,315.0,37.1,86.0,102.0,84.3,20.0,115.0,135.0,172.0,82.0,39.0,15.0,96.0,1159.0,1.0,0.0,-129.0
Doug McDermott,SF,SAS,31.0,64.0,19.0,45.0,1314.2,654.0,239.0,523.0,45.7,123.0,298.0,41.3,53.0,70.0,75.7,23.0,115.0,138.0,91.0,58.0,13.0,6.0,118.0,955.0,0.0,0.0,-237.0
Josh Richardson,SG,NOP,29.0,65.0,24.0,41.0,1529.6,654.0,239.0,554.0,43.1,107.0,293.0,36.5,69.0,81.0,85.2,41.0,134.0,175.0,174.0,86.0,69.0,20.0,117.0,1306.0,1.0,0.0,-161.0
Lonnie Walker IV,G,LAL,24.0,56.0,27.0,29.0,1297.0,654.0,236.0,527.0,44.8,91.0,249.0,36.5,91.0,106.0,85.8,14.0,95.0,109.0,64.0,46.0,30.0,17.0,71.0,976.0,0.0,0.0,-207.0
Alec Burks,SG,DET,31.0,51.0,12.0,39.0,1122.4,652.0,200.0,459.0,43.6,99.0,239.0,41.4,153.0,188.0,81.4,19.0,139.0,158.0,114.0,58.0,38.0,8.0,98.0,1093.0,0.0,0.0,-7.0
Jevon Carter,PG,MIL,27.0,81.0,57.0,24.0,1811.8,651.0,239.0,565.0,42.3,142.0,337.0,42.1,31.0,38.0,81.6,35.0,167.0,202.0,197.0,78.0,66.0,29.0,158.0,1396.0,1.0,0.0,63.0
Cameron Johnson,SF,BKN,27.0,42.0,25.0,17.0,1199.8,650.0,223.0,474.0,47.0,103.0,255.0,40.4,101.0,120.0,84.2,34.0,151.0,185.0,78.0,37.0,50.0,14.0,83.0,1144.0,1.0,0.0,155.0
T.J. McConnell,PG,IND,31.0,75.0,31.0,44.0,1526.4,650.0,283.0,521.0,54.3,26.0,59.0,44.1,58.0,68.0,85.3,45.0,189.0,234.0,397.0,143.0,81.0,10.0,105.0,1656.0,6.0,1.0,-62.0
Herbert Jones,SF,NOP,24.0,66.0,31.0,35.0,1950.5,649.0,235.0,501.0,46.9,56.0,167.0,33.5,123.0,161.0,76.4,97.0,172.0,269.0,162.0,88.0,103.0,42.0,208.0,1562.0,0.0,0.0,150.0
Keita Bates-Diop,SF,SAS,27.0,67.0,18.0,49.0,1452.6,647.0,236.0,465.0,50.8,56.0,142.0,39.4,119.0,150.0,79.3,65.0,182.0,247.0,103.0,56.0,46.0,20.0,63.0,1240.0,0.0,0.0,-266.0
Kyle Anderson,SF,MIN,29.0,69.0,36.0,33.0,1956.6,647.0,252.0,495.0,50.9,43.0,105.0,41.0,100.0,136.0,73.5,66.0,302.0,368.0,335.0,103.0,78.0,63.0,146.0,1911.0,10.0,3.0,91.0
Jalen Smith,PF,IND,23.0,68.0,31.0,37.0,1278.8,642.0,242.0,508.0,47.6,54.0,191.0,28.3,104.0,137.0,75.9,129.0,265.0,394.0,66.0,72.0,21.0,60.0,153.0,1385.0,7.0,0.0,-95.0
Gabe Vincent,PG,MIA,26.0,68.0,37.0,31.0,1758.7,641.0,228.0,567.0,40.2,117.0,350.0,33.4,68.0,78.0,87.2,27.0,118.0,145.0,167.0,92.0,62.0,5.0,154.0,1175.0,0.0,0.0,-28.0
Grant Williams,PF,BOS,24.0,79.0,55.0,24.0,2044.8,641.0,216.0,476.0,45.4,115.0,291.0,39.5,94.0,122.0,77.0,87.0,276.0,363.0,131.0,82.0,41.0,31.0,192.0,1407.0,3.0,0.0,206.0
AJ Griffin,F,ATL,19.0,72.0,34.0,38.0,1401.4,639.0,248.0,533.0,46.5,101.0,259.0,39.0,42.0,47.0,89.4,37.0,116.0,153.0,73.0,42.0,42.0,12.0,87.0,1052.0,0.0,0.0,63.0
Georges Niang,SF,PHI,29.0,78.0,51.0,27.0,1511.8,637.0,222.0,502.0,44.2,154.0,384.0,40.1,39.0,45.0,86.7,19.0,166.0,185.0,77.0,54.0,31.0,14.0,145.0,1056.0,0.0,0.0,75.0
Shake Milton,SG,PHI,26.0,76.0,52.0,24.0,1567.4,637.0,241.0,503.0,47.9,56.0,148.0,37.8,99.0,116.0,85.3,39.0,152.0,191.0,240.0,94.0,25.0,13.0,123.0,1246.0,3.0,0.0,144.0
Monte Morris,PG,WAS,27.0,62.0,28.0,34.0,1696.1,636.0,247.0,515.0,48.0,78.0,204.0,38.2,64.0,77.0,83.1,26.0,184.0,210.0,326.0,60.0,43.0,13.0,75.0,1485.0,2.0,0.0,6.0
Bol Bol,C,ORL,23.0,70.0,26.0,44.0,1505.4,634.0,261.0,478.0,54.6,30.0,113.0,26.5,82.0,108.0,75.9,69.0,336.0,405.0,69.0,112.0,30.0,85.0,92.0,1457.0,6.0,0.0,-146.0
Andrew Wiggins,SF,GSW,28.0,37.0,19.0,18.0,1190.3,633.0,250.0,529.0,47.3,89.0,225.0,39.6,44.0,72.0,61.1,61.0,125.0,186.0,85.0,48.0,45.0,28.0,107.0,1155.0,3.0,0.0,118.0
Jarred Vanderbilt,PF,LAL,24.0,78.0,43.0,35.0,1879.7,619.0,247.0,451.0,54.8,29.0,90.0,32.2,96.0,139.0,69.1,170.0,412.0,582.0,184.0,97.0,83.0,21.0,190.0,1808.0,10.0,0.0,-101.0
Draymond Green,PF,GSW,33.0,73.0,41.0,32.0,2297.6,617.0,250.0,474.0,52.7,40.0,131.0,30.5,77.0,108.0,71.3,66.0,459.0,525.0,500.0,204.0,74.0,61.0,229.0,2198.0,11.0,0.0,346.0
Al Horford,C,BOS,36.0,63.0,44.0,19.0,1921.4,616.0,228.0,479.0,47.6,145.0,325.0,44.6,15.0,21.0,71.4,73.0,317.0,390.0,189.0,37.0,30.0,61.0,121.0,1604.0,7.0,0.0,309.0
Kyle Lowry,PG,MIA,37.0,55.0,30.0,25.0,1717.7,615.0,196.0,485.0,40.4,107.0,310.0,34.5,116.0,135.0,85.9,43.0,182.0,225.0,281.0,103.0,57.0,21.0,143.0,1438.0,2.0,1.0,55.0
Jeremy Sochan,F,SAS,19.0,56.0,15.0,41.0,1457.7,614.0,250.0,552.0,45.3,33.0,134.0,24.6,81.0,116.0,69.8,95.0,200.0,295.0,142.0,97.0,43.0,23.0,138.0,1282.0,2.0,0.0,-235.0
Jalen Duren,C,DET,19.0,67.0,16.0,51.0,1670.1,612.0,258.0,398.0,64.8,0.0,2.0,0.0,96.0,157.0,61.1,229.0,366.0,595.0,75.0,92.0,44.0,59.0,182.0,1656.0,19.0,0.0,-279.0
Cam Thomas,SG,BKN,21.0,57.0,30.0,27.0,947.6,604.0,201.0,456.0,44.1,51.0,133.0,38.3,151.0,174.0,86.8,8.0,87.0,95.0,78.0,63.0,20.0,7.0,55.0,853.0,0.0,0.0,-4.0
Damion Lee,SG,PHX,30.0,74.0,40.0,34.0,1506.3,604.0,200.0,452.0,44.2,110.0,247.0,44.5,94.0,104.0,90.4,39.0,186.0,225.0,99.0,78.0,30.0,7.0,118.0,1056.0,0.0,0.0,79.0
Karl-Anthony Towns,C,MIN,27.0,29.0,15.0,14.0,957.0,602.0,212.0,428.0,49.5,60.0,164.0,36.6,118.0,135.0,87.4,48.0,188.0,236.0,140.0,86.0,20.0,17.0,111.0,1120.0,9.0,0.0,39.0
Moritz Wagner,C,ORL,26.0,57.0,27.0,30.0,1109.5,600.0,198.0,396.0,50.0,51.0,163.0,31.3,153.0,182.0,84.1,69.0,190.0,259.0,84.0,68.0,37.0,13.0,136.0,1119.0,3.0,0.0,-27.0
Torrey Craig,SF,PHX,32.0,79.0,44.0,35.0,1947.8,588.0,228.0,500.0,45.6,100.0,253.0,39.5,32.0,45.0,71.1,145.0,281.0,426.0,117.0,73.0,50.0,62.0,179.0,1538.0,4.0,0.0,-177.0
Thomas Bryant,C,DEN,25.0,59.0,33.0,26.0,1081.5,579.0,230.0,369.0,62.3,26.0,59.0,44.1,93.0,126.0,73.8,86.0,253.0,339.0,31.0,38.0,16.0,30.0,102.0,1132.0,9.0,0.0,-93.0
Kevon Looney,F,GSW,27.0,82.0,44.0,38.0,1957.6,578.0,242.0,384.0,63.0,0.0,1.0,0.0,94.0,155.0,60.6,274.0,486.0,760.0,207.0,45.0,52.0,50.0,224.0,2062.0,14.0,0.0,157.0
Isaiah Stewart,C,DET,21.0,50.0,12.0,38.0,1414.1,567.0,195.0,441.0,44.2,67.0,205.0,32.7,110.0,149.0,73.8,115.0,288.0,403.0,70.0,68.0,20.0,34.0,133.0,1250.0,13.0,0.0,-226.0
Joe Harris,SF,BKN,31.0,74.0,40.0,34.0,1527.2,562.0,201.0,440.0,45.7,142.0,333.0,42.6,18.0,28.0,64.3,23.0,141.0,164.0,101.0,41.0,34.0,13.0,140.0,1010.0,0.0,0.0,-24.0
Trey Lyles,PF,SAC,27.0,74.0,43.0,31.0,1247.2,562.0,187.0,408.0,45.8,87.0,240.0,36.3,101.0,124.0,81.5,68.0,232.0,300.0,66.0,64.0,27.0,31.0,97.0,1131.0,1.0,0.0,105.0
Reggie Bullock,SF,DAL,32.0,78.0,37.0,41.0,2364.5,561.0,192.0,470.0,40.9,151.0,397.0,38.0,26.0,37.0,70.3,32.0,251.0,283.0,108.0,36.0,54.0,13.0,166.0,1228.0,1.0,0.0,-87.0
Seth Curry,SG,BKN,32.0,61.0,37.0,24.0,1210.7,561.0,208.0,449.0,46.3,94.0,232.0,40.5,51.0,55.0,92.7,13.0,87.0,100.0,99.0,51.0,36.0,7.0,96.0,908.0,0.0,0.0,-69.0
Brandon Clarke,PF,MEM,26.0,56.0,32.0,24.0,1090.1,559.0,229.0,349.0,65.6,1.0,6.0,16.7,100.0,139.0,71.9,92.0,218.0,310.0,72.0,55.0,34.0,37.0,131.0,1197.0,6.0,0.0,-14.0
Dorian Finney-Smith,PF,BKN,29.0,66.0,31.0,35.0,2008.8,551.0,196.0,501.0,39.1,114.0,338.0,33.7,45.0,59.0,76.3,114.0,202.0,316.0,100.0,62.0,55.0,36.0,144.0,1291.0,2.0,0.0,-8.0
Jose Alvarado,PG,NOP,25.0,61.0,30.0,31.0,1310.0,550.0,201.0,489.0,41.1,83.0,247.0,33.6,65.0,80.0,81.3,28.0,113.0,141.0,186.0,81.0,67.0,10.0,125.0,1148.0,0.0,0.0,103.0
Josh Green,SG,DAL,22.0,60.0,27.0,33.0,1539.2,546.0,205.0,382.0,53.7,68.0,169.0,40.2,68.0,94.0,72.3,55.0,127.0,182.0,103.0,72.0,42.0,5.0,156.0,988.0,1.0,0.0,77.0
Luke Kennard,SG,MEM,26.0,59.0,37.0,22.0,1315.1,546.0,188.0,382.0,49.2,133.0,269.0,49.4,37.0,39.0,94.9,15.0,143.0,158.0,91.0,46.0,32.0,5.0,82.0,937.0,0.0,0.0,211.0
Jordan Nwora,SF,IND,24.0,62.0,36.0,26.0,1188.1,542.0,194.0,445.0,43.6,86.0,211.0,40.8,68.0,86.0,79.1,51.0,178.0,229.0,88.0,66.0,24.0,14.0,74.0,997.0,1.0,0.0,-252.0
Troy Brown Jr.,SF,LAL,23.0,76.0,40.0,36.0,1859.8,541.0,200.0,465.0,43.0,107.0,281.0,38.1,34.0,39.0,87.2,62.0,246.0,308.0,95.0,49.0,59.0,16.0,120.0,1229.0,2.0,0.0,-15.0
Devonte' Graham,PG,SAS,28.0,73.0,31.0,42.0,1338.4,539.0,161.0,431.0,37.4,119.0,338.0,35.2,98.0,131.0,74.8,19.0,103.0,122.0,196.0,53.0,45.0,16.0,79.0,1109.0,0.0,0.0,-159.0
Nick Richards,C,CHA,25.0,65.0,21.0,44.0,1217.7,532.0,197.0,313.0,62.9,1.0,1.0,100.0,137.0,183.0,74.9,147.0,269.0,416.0,38.0,59.0,11.0,71.0,154.0,1275.0,14.0,0.0,-113.0
Josh Okogie,SF,PHX,24.0,72.0,38.0,34.0,1350.6,529.0,162.0,414.0,39.1,66.0,197.0,33.5,139.0,192.0,72.4,109.0,142.0,251.0,105.0,63.0,56.0,34.0,114.0,1195.0,2.0,0.0,106.0
Jalen Suggs,SG,ORL,21.0,53.0,20.0,33.0,1245.9,524.0,186.0,444.0,41.9,66.0,202.0,32.7,86.0,119.0,72.3,55.0,106.0,161.0,155.0,94.0,67.0,27.0,120.0,1138.0,0.0,0.0,-40.0
Hamidou Diallo,SG,DET,24.0,56.0,12.0,44.0,995.9,522.0,215.0,375.0,57.3,5.0,21.0,23.8,87.0,148.0,58.8,57.0,137.0,194.0,55.0,71.0,53.0,16.0,124.0,973.0,0.0,0.0,-16.0
Terrence Ross,G,PHX,32.0,63.0,27.0,36.0,1330.5,522.0,200.0,465.0,43.0,95.0,258.0,36.8,27.0,34.0,79.4,22.0,132.0,154.0,95.0,43.0,35.0,10.0,97.0,941.0,0.0,0.0,-76.0
Drew Eubanks,PF,POR,26.0,78.0,31.0,47.0,1583.7,518.0,214.0,334.0,64.1,7.0,18.0,38.9,83.0,125.0,66.4,132.0,286.0,418.0,103.0,67.0,40.0,102.0,169.0,1533.0,3.0,0.0,-131.0
Tre Mann,PG,OKC,22.0,67.0,31.0,36.0,1183.4,517.0,197.0,501.0,39.3,81.0,257.0,31.5,42.0,55.0,76.4,27.0,128.0,155.0,120.0,62.0,40.0,11.0,99.0,974.0,1.0,1.0,57.0
Sam Hauser,SF,BOS,25.0,80.0,55.0,25.0,1289.9,512.0,180.0,396.0,45.5,140.0,335.0,41.8,12.0,17.0,70.6,35.0,169.0,204.0,71.0,30.0,29.0,21.0,99.0,983.0,0.0,0.0,219.0
Kevin Love,PF,MIA,34.0,62.0,35.0,27.0,1239.5,509.0,165.0,424.0,38.9,99.0,296.0,33.4,80.0,91.0,87.9,59.0,340.0,399.0,116.0,70.0,16.0,12.0,97.0,1176.0,6.0,0.0,109.0
Precious Achiuwa,PF,TOR,23.0,55.0,30.0,25.0,1140.5,508.0,196.0,404.0,48.5,29.0,108.0,26.9,87.0,124.0,70.2,100.0,228.0,328.0,50.0,59.0,31.0,30.0,102.0,1101.0,10.0,0.0,-37.0
Dwight Powell,C,DAL,31.0,76.0,37.0,39.0,1457.9,506.0,197.0,269.0,73.2,0.0,5.0,0.0,112.0,168.0,66.7,149.0,165.0,314.0,69.0,65.0,48.0,26.0,209.0,1143.0,1.0,0.0,166.0
Marvin Bagley III,PF,DET,24.0,42.0,7.0,35.0,990.5,504.0,202.0,382.0,52.9,19.0,66.0,28.8,81.0,108.0,75.0,94.0,175.0,269.0,36.0,46.0,19.0,30.0,81.0,982.0,8.0,0.0,-229.0
Khris Middleton,SF,MIL,31.0,33.0,25.0,8.0,800.8,497.0,177.0,406.0,43.6,51.0,162.0,31.5,92.0,102.0,90.2,28.0,112.0,140.0,163.0,71.0,23.0,5.0,68.0,923.0,4.0,0.0,132.0
Obi Toppin,PF,NYK,25.0,67.0,37.0,30.0,1050.5,497.0,187.0,419.0,44.6,85.0,247.0,34.4,38.0,47.0,80.9,29.0,158.0,187.0,66.0,38.0,23.0,12.0,68.0,887.0,0.0,0.0,57.0
Kendrick Nunn,G,WAS,27.0,70.0,30.0,40.0,963.4,496.0,191.0,450.0,42.4,79.0,223.0,35.4,35.0,41.0,85.4,15.0,94.0,109.0,90.0,66.0,28.0,7.0,66.0,801.0,0.0,0.0,-54.0
Cameron Payne,PG,PHX,28.0,48.0,27.0,21.0,968.3,493.0,188.0,453.0,41.5,68.0,185.0,36.8,49.0,64.0,76.6,12.0,94.0,106.0,214.0,81.0,33.0,8.0,88.0,983.0,3.0,0.0,77.0
Taurean Prince,PF,MIN,29.0,54.0,31.0,23.0,1192.5,493.0,177.0,379.0,46.7,74.0,194.0,38.1,65.0,77.0,84.4,15.0,117.0,132.0,84.0,69.0,28.0,15.0,123.0,837.0,0.0,0.0,0.0
Isaac Okoro,SF,CLE,22.0,76.0,48.0,28.0,1652.6,490.0,175.0,354.0,49.4,62.0,171.0,36.3,78.0,103.0,75.7,52.0,135.0,187.0,87.0,42.0,56.0,30.0,158.0,1061.0,0.0,0.0,126.0
Aaron Wiggins,SG,OKC,24.0,70.0,37.0,33.0,1297.4,479.0,186.0,363.0,51.2,48.0,122.0,39.3,59.0,71.0,83.1,68.0,143.0,211.0,80.0,56.0,39.0,15.0,110.0,958.0,1.0,0.0,9.0
Nicolas Batum,PF,LAC,34.0,78.0,44.0,34.0,1709.6,478.0,160.0,381.0,42.0,124.0,317.0,39.1,34.0,48.0,70.8,62.0,237.0,299.0,121.0,50.0,54.0,44.0,149.0,1262.0,0.0,0.0,165.0
Dennis Smith Jr.,PG,CHA,25.0,54.0,19.0,35.0,1389.8,474.0,186.0,452.0,41.2,24.0,111.0,21.6,78.0,106.0,73.6,27.0,140.0,167.0,261.0,82.0,75.0,25.0,122.0,1284.0,1.0,0.0,-70.0
Ochai Agbaji,G,UTA,23.0,59.0,29.0,30.0,1209.2,467.0,165.0,386.0,42.7,81.0,228.0,35.5,56.0,69.0,81.2,43.0,78.0,121.0,67.0,41.0,16.0,15.0,99.0,765.0,0.0,0.0,-19.0
David Roddy,F,MEM,22.0,70.0,44.0,26.0,1258.5,466.0,180.0,420.0,42.9,65.0,212.0,30.7,41.0,65.0,63.1,50.0,143.0,193.0,59.0,57.0,29.0,19.0,107.0,873.0,0.0,0.0,-61.0
Pat Connaughton,SG,MIL,30.0,61.0,43.0,18.0,1442.7,466.0,165.0,421.0,39.2,109.0,322.0,33.9,27.0,41.0,65.9,50.0,233.0,283.0,77.0,33.0,37.0,11.0,69.0,1032.0,2.0,0.0,134.0
Trendon Watford,PF,POR,22.0,62.0,26.0,36.0,1181.6,459.0,181.0,323.0,56.0,25.0,64.0,39.1,72.0,100.0,72.0,42.0,196.0,238.0,130.0,71.0,32.0,12.0,118.0,1001.0,3.0,0.0,-181.0
Jock Landale,C,PHX,27.0,69.0,35.0,34.0,978.5,456.0,178.0,337.0,52.8,21.0,84.0,25.0,79.0,105.0,75.2,119.0,161.0,280.0,68.0,59.0,16.0,30.0,126.0,973.0,3.0,0.0,141.0
Isaiah Jackson,SF,IND,21.0,63.0,24.0,39.0,1042.3,455.0,179.0,318.0,56.3,2.0,14.0,14.3,95.0,146.0,65.1,113.0,169.0,282.0,51.0,51.0,31.0,93.0,154.0,1191.0,5.0,0.0,-124.0
Davion Mitchell,PG,SAC,24.0,80.0,47.0,33.0,1447.0,450.0,181.0,399.0,45.4,63.0,197.0,32.0,25.0,31.0,80.6,16.0,89.0,105.0,185.0,62.0,44.0,15.0,112.0,969.0,0.0,0.0,1.0
James Wiseman,C,DET,22.0,45.0,11.0,34.0,867.2,450.0,189.0,339.0,55.8,4.0,20.0,20.0,68.0,97.0,70.1,73.0,194.0,267.0,30.0,51.0,7.0,27.0,108.0,866.0,8.0,0.0,-327.0
Victor Oladipo,SG,MIA,30.0,42.0,23.0,19.0,1105.6,449.0,160.0,403.0,39.7,70.0,212.0,33.0,59.0,79.0,74.7,16.0,112.0,128.0,146.0,87.0,57.0,12.0,99.0,942.0,0.0,0.0,-35.0
Larry Nance Jr.,PF,NOP,30.0,65.0,34.0,31.0,1380.8,441.0,186.0,305.0,61.0,14.0,42.0,33.3,55.0,79.0,69.6,106.0,248.0,354.0,119.0,42.0,56.0,37.0,133.0,1281.0,3.0,0.0,185.0
Jeff Green,PF,DEN,36.0,56.0,33.0,23.0,1091.1,437.0,160.0,328.0,48.8,30.0,104.0,28.8,87.0,117.0,74.4,38.0,106.0,144.0,69.0,46.0,18.0,17.0,99.0,772.0,0.0,0.0,-193.0
Mitchell Robinson,C,NYK,25.0,59.0,35.0,24.0,1588.8,435.0,188.0,280.0,67.1,0.0,0.0,0.0,59.0,122.0,48.4,267.0,288.0,555.0,53.0,41.0,56.0,109.0,160.0,1635.0,13.0,0.0,185.0
Terence Davis,SG,SAC,25.0,64.0,38.0,26.0,841.0,431.0,154.0,364.0,42.3,89.0,243.0,36.6,34.0,43.0,79.1,20.0,119.0,139.0,67.0,53.0,43.0,12.0,104.0,810.0,0.0,0.0,47.0
Xavier Tillman,F,MEM,24.0,61.0,40.0,21.0,1180.1,429.0,188.0,306.0,61.4,4.0,15.0,26.7,49.0,89.0,55.1,121.0,186.0,307.0,96.0,44.0,58.0,29.0,97.0,1158.0,4.0,0.0,-1.0
Cory Joseph,PG,DET,31.0,62.0,12.0,50.0,1227.4,427.0,150.0,351.0,42.7,70.0,180.0,38.9,57.0,72.0,79.2,21.0,85.0,106.0,217.0,56.0,34.0,9.0,88.0,953.0,0.0,0.0,-110.0
Kenrich Williams,SF,OKC,28.0,53.0,26.0,27.0,1206.0,425.0,179.0,346.0,51.7,50.0,134.0,37.3,17.0,39.0,43.6,97.0,164.0,261.0,105.0,32.0,45.0,14.0,112.0,1041.0,2.0,0.0,75.0
Jaden Hardy,G,DAL,20.0,48.0,20.0,28.0,708.4,420.0,146.0,333.0,43.8,63.0,156.0,40.4,65.0,79.0,82.3,11.0,78.0,89.0,65.0,46.0,17.0,7.0,64.0,650.0,0.0,0.0,-32.0
Anthony Lamb,F,GSW,25.0,62.0,36.0,26.0,1195.0,415.0,148.0,314.0,47.1,73.0,199.0,36.7,46.0,60.0,76.7,56.0,159.0,215.0,96.0,54.0,28.0,20.0,134.0,907.0,0.0,0.0,32.0
Kevin Knox II,SF,POR,23.0,63.0,12.0,51.0,951.7,415.0,152.0,332.0,45.8,65.0,186.0,34.9,46.0,60.0,76.7,34.0,143.0,177.0,33.0,50.0,24.0,12.0,95.0,735.0,2.0,0.0,-226.0
Patrick Beverley,PG,CHI,34.0,67.0,34.0,33.0,1816.5,415.0,144.0,360.0,40.0,80.0,239.0,33.5,47.0,65.0,72.3,44.0,203.0,247.0,194.0,60.0,63.0,41.0,187.0,1254.0,2.0,0.0,-80.0
Jordan Goodwin,G,WAS,24.0,62.0,22.0,40.0,1105.4,407.0,158.0,353.0,44.8,38.0,118.0,32.2,53.0,69.0,76.8,57.0,148.0,205.0,168.0,57.0,58.0,26.0,95.0,1100.0,0.0,0.0,-117.0
Isaiah Hartenstein,C,NYK,24.0,82.0,47.0,35.0,1628.2,406.0,175.0,327.0,53.5,8.0,37.0,21.6,48.0,71.0,67.6,209.0,327.0,536.0,102.0,66.0,53.0,64.0,213.0,1487.0,2.0,0.0,151.0
Andre Drummond,C,CHI,29.0,67.0,32.0,35.0,849.1,399.0,166.0,274.0,60.6,0.0,3.0,0.0,67.0,125.0,53.6,138.0,306.0,444.0,33.0,75.0,45.0,27.0,117.0,1122.0,8.0,0.0,25.0
Oshae Brissett,SF,IND,24.0,65.0,27.0,38.0,1083.2,398.0,123.0,319.0,38.6,48.0,155.0,31.0,104.0,145.0,71.7,62.0,156.0,218.0,44.0,34.0,33.0,13.0,79.0,830.0,1.0,0.0,22.0
Gary Harris,SG,ORL,28.0,48.0,22.0,26.0,1184.4,397.0,138.0,307.0,45.0,94.0,218.0,43.1,27.0,30.0,90.0,21.0,77.0,98.0,59.0,28.0,45.0,12.0,93.0,746.0,0.0,0.0,-84.0
Jalen Johnson,SF,ATL,21.0,70.0,35.0,35.0,1041.6,395.0,158.0,322.0,49.1,30.0,104.0,28.8,49.0,78.0,62.8,51.0,231.0,282.0,83.0,41.0,38.0,34.0,113.0,1033.0,1.0,0.0,-10.0
Cam Reddish,SF,POR,23.0,40.0,14.0,26.0,989.6,387.0,139.0,312.0,44.6,45.0,144.0,31.3,64.0,75.0,85.3,18.0,70.0,88.0,57.0,47.0,39.0,14.0,72.0,690.0,0.0,0.0,-193.0
Mark Williams,C,CHA,21.0,43.0,18.0,25.0,828.0,387.0,160.0,251.0,63.7,0.0,0.0,0.0,67.0,97.0,69.1,93.0,211.0,304.0,18.0,40.0,28.0,45.0,94.0,958.0,11.0,0.0,-79.0
John Wall,PG,LAC,32.0,34.0,15.0,19.0,754.7,386.0,138.0,339.0,40.7,33.0,109.0,30.3,77.0,113.0,68.1,14.0,78.0,92.0,178.0,80.0,27.0,12.0,59.0,800.0,1.0,0.0,-106.0
Mike Muscala,C,BOS,31.0,63.0,32.0,31.0,945.1,383.0,131.0,292.0,44.9,81.0,207.0,39.1,40.0,52.0,76.9,37.0,166.0,203.0,50.0,23.0,15.0,24.0,98.0,796.0,0.0,0.0,204.0
Will Barton,G,TOR,32.0,56.0,27.0,29.0,993.0,379.0,138.0,364.0,37.9,66.0,180.0,36.7,37.0,47.0,78.7,15.0,122.0,137.0,112.0,48.0,28.0,13.0,56.0,786.0,0.0,0.0,-168.0
Edmond Sumner,PG,BKN,27.0,53.0,33.0,20.0,736.2,378.0,124.0,269.0,46.1,31.0,87.0,35.6,99.0,108.0,91.7,13.0,66.0,79.0,68.0,50.0,31.0,10.0,83.0,648.0,0.0,0.0,25.0
Alex Caruso,SG,CHI,29.0,67.0,33.0,34.0,1575.4,374.0,130.0,286.0,45.5,55.0,151.0,36.4,59.0,73.0,80.8,42.0,154.0,196.0,193.0,77.0,98.0,46.0,159.0,1254.0,1.0,0.0,199.0
Josh Christopher,SG,HOU,21.0,64.0,16.0,48.0,786.2,372.0,153.0,329.0,46.5,21.0,89.0,23.6,45.0,60.0,75.0,20.0,51.0,71.0,73.0,60.0,33.0,15.0,59.0,651.0,0.0,0.0,-225.0
Wenyen Gabriel,F,LAL,26.0,68.0,37.0,31.0,1023.8,372.0,155.0,260.0,59.6,10.0,36.0,27.8,52.0,84.0,61.9,116.0,170.0,286.0,36.0,46.0,26.0,35.0,144.0,906.0,0.0,0.0,-32.0
Delon Wright,SG,WAS,31.0,50.0,26.0,24.0,1221.2,369.0,138.0,291.0,47.4,41.0,119.0,34.5,52.0,60.0,86.7,58.0,122.0,180.0,194.0,44.0,92.0,17.0,59.0,1159.0,0.0,0.0,69.0
JaMychal Green,F,GSW,32.0,57.0,30.0,27.0,796.7,366.0,136.0,252.0,54.0,42.0,111.0,37.8,52.0,67.0,77.6,72.0,133.0,205.0,51.0,52.0,25.0,23.0,105.0,781.0,0.0,0.0,-156.0
Goran Dragic,PG,MIL,36.0,58.0,27.0,31.0,870.0,365.0,141.0,335.0,42.1,52.0,145.0,35.9,31.0,45.0,68.9,16.0,65.0,81.0,151.0,63.0,13.0,4.0,65.0,677.0,0.0,0.0,5.0
John Konchar,SG,MEM,27.0,72.0,45.0,27.0,1493.8,364.0,138.0,320.0,43.1,60.0,177.0,33.9,28.0,36.0,77.8,64.0,246.0,310.0,100.0,37.0,77.0,25.0,112.0,1155.0,2.0,0.0,209.0
Nickeil Alexander-Walker,SG,MIN,24.0,59.0,29.0,30.0,883.9,363.0,131.0,295.0,44.4,61.0,159.0,38.4,40.0,60.0,66.7,15.0,86.0,101.0,108.0,55.0,32.0,21.0,88.0,750.0,0.0,0.0,-51.0
Chris Duarte,SG,IND,25.0,46.0,19.0,27.0,897.2,362.0,123.0,333.0,36.9,55.0,174.0,31.6,61.0,72.0,84.7,19.0,96.0,115.0,64.0,41.0,25.0,9.0,65.0,657.0,0.0,0.0,-114.0
Dario Saric,PF,OKC,29.0,57.0,26.0,31.0,806.0,362.0,127.0,277.0,45.8,45.0,115.0,39.1,63.0,76.0,82.9,53.0,154.0,207.0,74.0,55.0,20.0,7.0,99.0,747.0,2.0,0.0,37.0
Steven Adams,C,MEM,29.0,42.0,28.0,14.0,1133.3,361.0,157.0,263.0,59.7,0.0,1.0,0.0,47.0,129.0,36.4,214.0,271.0,485.0,97.0,79.0,36.0,46.0,98.0,1256.0,15.0,0.0,243.0
Christian Braun,G,DEN,22.0,76.0,49.0,27.0,1181.1,360.0,143.0,289.0,49.5,34.0,96.0,35.4,40.0,64.0,62.5,48.0,133.0,181.0,59.0,35.0,41.0,17.0,101.0,805.0,0.0,0.0,-114.0
Nassir Little,SF,POR,23.0,54.0,22.0,32.0,976.1,359.0,134.0,303.0,44.2,58.0,158.0,36.7,33.0,46.0,71.7,27.0,114.0,141.0,50.0,36.0,20.0,20.0,66.0,687.0,0.0,0.0,-190.0
Isaiah Livers,PF,DET,24.0,52.0,10.0,42.0,1198.7,346.0,120.0,288.0,41.7,74.0,203.0,36.5,32.0,39.0,82.1,28.0,115.0,143.0,41.0,30.0,28.0,28.0,103.0,717.0,1.0,0.0,-202.0
Landry Shamet,SG,PHX,26.0,40.0,19.0,21.0,806.9,346.0,113.0,300.0,37.7,75.0,199.0,37.7,45.0,51.0,88.2,11.0,56.0,67.0,93.0,36.0,26.0,5.0,61.0,623.0,0.0,0.0,38.0
Lamar Stevens,F,CLE,25.0,62.0,39.0,23.0,1120.5,328.0,129.0,288.0,44.8,30.0,95.0,31.6,40.0,57.0,70.2,48.0,159.0,207.0,33.0,27.0,27.0,19.0,79.0,737.0,1.0,0.0,6.0
Simone Fontecchio,F,UTA,27.0,52.0,25.0,27.0,765.8,328.0,115.0,312.0,36.9,63.0,191.0,33.0,35.0,44.0,79.5,31.0,55.0,86.0,42.0,39.0,15.0,8.0,62.0,524.0,0.0,0.0,-205.0
Mo Bamba,C,LAL,24.0,49.0,25.0,24.0,768.4,323.0,117.0,241.0,48.5,48.0,124.0,38.7,41.0,62.0,66.1,58.0,167.0,225.0,46.0,30.0,13.0,43.0,105.0,800.0,2.0,0.0,8.0
Yuta Watanabe,SF,BKN,28.0,58.0,30.0,28.0,927.8,322.0,114.0,232.0,49.1,60.0,135.0,44.4,34.0,47.0,72.3,30.0,111.0,141.0,48.0,22.0,25.0,17.0,80.0,667.0,0.0,0.0,-7.0
Chimezie Metu,PF,SAC,26.0,66.0,41.0,25.0,689.0,321.0,129.0,219.0,58.9,9.0,38.0,23.7,54.0,73.0,74.0,47.0,151.0,198.0,40.0,32.0,22.0,21.0,81.0,716.0,0.0,0.0,88.0
Montrezl Harrell,C,PHI,29.0,57.0,35.0,22.0,681.1,320.0,125.0,209.0,59.8,0.0,6.0,0.0,70.0,101.0,69.3,67.0,92.0,159.0,33.0,35.0,17.0,25.0,75.0,651.0,1.0,0.0,19.0
Derrick Jones Jr.,SF,CHI,26.0,64.0,29.0,35.0,893.4,319.0,115.0,230.0,50.0,27.0,80.0,33.8,62.0,84.0,73.8,60.0,93.0,153.0,34.0,25.0,29.0,37.0,86.0,727.0,0.0,0.0,122.0
Joe Ingles,SG,MIL,35.0,46.0,32.0,14.0,1043.5,317.0,108.0,248.0,43.5,83.0,203.0,40.9,18.0,21.0,85.7,13.0,115.0,128.0,150.0,55.0,33.0,6.0,74.0,758.0,1.0,0.0,80.0
T.J. Warren,SF,PHX,29.0,42.0,26.0,16.0,686.7,314.0,132.0,270.0,48.9,22.0,67.0,32.8,28.0,35.0,80.0,26.0,95.0,121.0,40.0,20.0,22.0,12.0,65.0,601.0,0.0,0.0,55.0
Ty Jerome,SG,GSW,25.0,45.0,22.0,23.0,815.6,309.0,118.0,242.0,48.8,35.0,90.0,38.9,38.0,41.0,92.7,7.0,71.0,78.0,135.0,30.0,23.0,5.0,64.0,659.0,0.0,0.0,-92.0
Moses Moody,SG,GSW,20.0,63.0,37.0,26.0,817.1,302.0,108.0,227.0,47.6,49.0,135.0,36.3,37.0,53.0,69.8,28.0,77.0,105.0,51.0,34.0,18.0,7.0,54.0,546.0,0.0,0.0,-7.0
R.J. Hampton,PG,DET,22.0,47.0,9.0,38.0,749.6,302.0,102.0,237.0,43.0,41.0,116.0,35.3,57.0,76.0,75.0,18.0,69.0,87.0,54.0,42.0,27.0,9.0,51.0,553.0,0.0,0.0,-140.0
Romeo Langford,SG,SAS,23.0,43.0,14.0,29.0,844.3,297.0,121.0,259.0,46.7,16.0,61.0,26.2,39.0,56.0,69.6,57.0,57.0,114.0,50.0,30.0,24.0,13.0,67.0,590.0,0.0,0.0,-180.0
Vlatko Cancar,SF,DEN,26.0,60.0,38.0,22.0,889.0,297.0,108.0,227.0,47.6,43.0,115.0,37.4,38.0,41.0,92.7,24.0,104.0,128.0,80.0,37.0,22.0,14.0,84.0,642.0,1.0,0.0,-66.0
Theo Maledon,PG,CHA,21.0,44.0,14.0,30.0,853.7,295.0,102.0,254.0,40.2,28.0,95.0,29.5,63.0,74.0,85.1,14.0,109.0,123.0,152.0,59.0,37.0,12.0,61.0,759.0,1.0,0.0,-147.0
Matisse Thybulle,SG,POR,26.0,71.0,38.0,33.0,1200.4,293.0,110.0,253.0,43.5,54.0,148.0,36.5,19.0,28.0,67.9,40.0,100.0,140.0,53.0,24.0,83.0,32.0,113.0,862.0,0.0,0.0,-14.0
Rudy Gay,SF,UTA,36.0,56.0,29.0,27.0,815.6,293.0,109.0,288.0,37.8,33.0,131.0,25.2,42.0,49.0,85.7,33.0,130.0,163.0,57.0,37.0,19.0,18.0,68.0,648.0,0.0,0.0,57.0
Jeremiah Robinson-Earl,PF,OKC,22.0,43.0,16.0,27.0,813.7,292.0,110.0,248.0,44.4,37.0,111.0,33.3,35.0,42.0,83.3,71.0,109.0,180.0,43.0,19.0,24.0,11.0,71.0,659.0,1.0,0.0,-10.0
Ben Simmons,PG,BKN,26.0,42.0,24.0,18.0,1105.0,291.0,133.0,235.0,56.6,0.0,2.0,0.0,25.0,57.0,43.9,40.0,223.0,263.0,256.0,97.0,54.0,24.0,139.0,1128.0,4.0,1.0,40.0
Kris Dunn,G,UTA,29.0,22.0,8.0,14.0,567.5,290.0,116.0,216.0,53.7,17.0,36.0,47.2,41.0,53.0,77.4,9.0,91.0,100.0,124.0,35.0,25.0,10.0,58.0,666.0,3.0,0.0,-62.0
Jaylin Williams,F,OKC,20.0,49.0,23.0,26.0,914.2,288.0,102.0,234.0,43.6,46.0,113.0,40.7,38.0,54.0,70.4,44.0,197.0,241.0,76.0,37.0,28.0,12.0,111.0,774.0,0.0,0.0,-90.0
Robert Covington,PF,LAC,32.0,48.0,20.0,28.0,778.6,288.0,102.0,229.0,44.5,54.0,136.0,39.7,30.0,40.0,75.0,31.0,135.0,166.0,57.0,32.0,38.0,33.0,86.0,754.0,0.0,0.0,-7.0
Paul Reed,SF,PHI,23.0,69.0,44.0,25.0,755.2,287.0,124.0,209.0,59.3,1.0,6.0,16.7,38.0,51.0,74.5,112.0,150.0,262.0,27.0,45.0,45.0,51.0,123.0,885.0,5.0,0.0,-17.0
Jae'Sean Tate,SF,HOU,27.0,31.0,7.0,24.0,677.5,283.0,110.0,229.0,48.0,13.0,46.0,28.3,50.0,69.0,72.5,41.0,77.0,118.0,84.0,47.0,21.0,7.0,106.0,588.0,0.0,0.0,-94.0
Robert Williams III,C,BOS,25.0,35.0,24.0,11.0,823.5,279.0,127.0,170.0,74.7,0.0,1.0,0.0,25.0,41.0,61.0,104.0,188.0,292.0,50.0,34.0,22.0,48.0,68.0,880.0,6.0,0.0,173.0
Eugene Omoruyi,F,DET,26.0,40.0,10.0,30.0,645.3,278.0,101.0,228.0,44.3,25.0,89.0,28.1,51.0,75.0,68.0,43.0,68.0,111.0,28.0,34.0,28.0,3.0,91.0,512.0,0.0,0.0,-41.0
Zeke Nnaji,PF,DEN,22.0,53.0,34.0,19.0,727.8,277.0,110.0,196.0,56.1,17.0,65.0,26.2,40.0,62.0,64.5,65.0,73.0,138.0,18.0,31.0,17.0,23.0,105.0,559.0,1.0,0.0,-97.0
Aleksej Pokusevski,F,OKC,21.0,34.0,16.0,18.0,701.3,276.0,108.0,249.0,43.4,38.0,104.0,36.5,22.0,35.0,62.9,45.0,114.0,159.0,64.0,43.0,20.0,43.0,58.0,709.0,3.0,0.0,-196.0
Payton Pritchard,PG,BOS,25.0,48.0,32.0,16.0,642.8,270.0,101.0,245.0,41.2,56.0,154.0,36.4,12.0,16.0,75.0,25.0,63.0,88.0,64.0,40.0,14.0,1.0,37.0,477.0,1.0,1.0,12.0
Danuel House Jr.,SF,PHI,29.0,56.0,38.0,18.0,807.0,268.0,93.0,197.0,47.2,37.0,110.0,33.6,45.0,60.0,75.0,9.0,85.0,94.0,44.0,26.0,14.0,9.0,69.0,490.0,0.0,0.0,-16.0
Duncan Robinson,F,MIA,29.0,42.0,19.0,23.0,690.5,268.0,88.0,237.0,37.1,63.0,192.0,32.8,29.0,32.0,90.6,8.0,61.0,69.0,46.0,28.0,14.0,0.0,77.0,434.0,0.0,0.0,-56.0
MarJon Beauchamp,F,MIL,22.0,52.0,34.0,18.0,701.4,266.0,96.0,243.0,39.5,47.0,142.0,33.1,27.0,37.0,73.0,38.0,77.0,115.0,35.0,45.0,21.0,7.0,70.0,496.0,0.0,0.0,-99.0
P.J. Tucker,PF,PHI,37.0,75.0,48.0,27.0,1920.1,266.0,96.0,225.0,42.7,55.0,140.0,39.3,19.0,23.0,82.6,95.0,200.0,295.0,60.0,44.0,39.0,15.0,180.0,828.0,0.0,0.0,135.0
Bismack Biyombo,C,PHX,30.0,61.0,33.0,28.0,874.1,263.0,119.0,206.0,57.8,0.0,0.0,0.0,25.0,70.0,35.7,89.0,171.0,260.0,56.0,51.0,18.0,88.0,114.0,926.0,3.0,0.0,48.0
Sandro Mamukelashvili,PF,SAS,23.0,43.0,23.0,20.0,659.7,263.0,97.0,230.0,42.2,30.0,99.0,30.3,39.0,57.0,68.4,70.0,115.0,185.0,62.0,35.0,14.0,12.0,52.0,621.0,2.0,0.0,-114.0
JT Thor,F,CHA,20.0,69.0,22.0,47.0,968.8,262.0,95.0,238.0,39.9,39.0,123.0,31.7,33.0,47.0,70.2,36.0,116.0,152.0,36.0,44.0,22.0,23.0,66.0,589.0,0.0,0.0,-163.0
Willy Hernangomez,C,NOP,28.0,38.0,23.0,15.0,457.7,262.0,89.0,169.0,52.7,3.0,11.0,27.3,81.0,104.0,77.9,58.0,122.0,180.0,33.0,39.0,17.0,13.0,64.0,579.0,2.0,0.0,19.0
Luke Kornet,C,BOS,27.0,69.0,45.0,24.0,804.1,261.0,113.0,170.0,66.5,3.0,13.0,23.1,32.0,39.0,82.1,86.0,111.0,197.0,53.0,25.0,11.0,46.0,81.0,723.0,0.0,0.0,61.0
Garrison Mathews,SG,ATL,26.0,54.0,16.0,38.0,686.3,257.0,73.0,201.0,36.3,63.0,180.0,35.0,48.0,53.0,90.6,11.0,62.0,73.0,26.0,19.0,24.0,5.0,62.0,452.0,0.0,0.0,-87.0
Austin Rivers,SG,MIN,30.0,52.0,25.0,27.0,1016.3,255.0,91.0,209.0,43.5,43.0,123.0,35.0,30.0,39.0,76.9,5.0,78.0,83.0,75.0,23.0,28.0,4.0,80.0,540.0,0.0,0.0,-142.0
Ish Wainright,F,PHX,28.0,60.0,33.0,27.0,915.1,251.0,84.0,227.0,37.0,57.0,173.0,32.9,26.0,31.0,83.9,45.0,94.0,139.0,53.0,22.0,38.0,22.0,117.0,655.0,0.0,0.0,92.0
Aaron Holiday,G,ATL,26.0,63.0,32.0,31.0,845.3,247.0,92.0,220.0,41.8,36.0,88.0,40.9,27.0,32.0,84.4,25.0,49.0,74.0,89.0,36.0,37.0,12.0,79.0,580.0,0.0,0.0,17.0
Bryce McGowens,G,CHA,20.0,46.0,16.0,30.0,787.0,246.0,80.0,202.0,39.6,26.0,80.0,32.5,60.0,80.0,75.0,20.0,73.0,93.0,54.0,43.0,15.0,6.0,48.0,459.0,0.0,0.0,-150.0
Malachi Flynn,PG,TOR,24.0,53.0,29.0,24.0,690.8,246.0,87.0,242.0,36.0,47.0,133.0,35.3,25.0,33.0,75.8,15.0,61.0,76.0,70.0,25.0,21.0,4.0,65.0,492.0,0.0,0.0,-40.0
Patty Mills,PG,BKN,34.0,40.0,18.0,22.0,566.6,246.0,86.0,209.0,41.1,49.0,134.0,36.6,25.0,30.0,83.3,8.0,36.0,44.0,56.0,30.0,15.0,3.0,32.0,407.0,0.0,0.0,-66.0
Duane Washington Jr.,PG,NYK,23.0,31.0,17.0,14.0,393.8,244.0,94.0,256.0,36.7,40.0,111.0,36.0,16.0,24.0,66.7,2.0,34.0,36.0,63.0,34.0,6.0,4.0,23.0,378.0,0.0,0.0,-6.0
Thaddeus Young,PF,TOR,34.0,54.0,23.0,31.0,795.5,240.0,108.0,198.0,54.5,6.0,34.0,17.6,18.0,26.0,69.2,71.0,95.0,166.0,75.0,42.0,54.0,5.0,88.0,687.0,0.0,0.0,-92.0
Cade Cunningham,PG,DET,21.0,12.0,3.0,9.0,400.2,239.0,93.0,224.0,41.5,17.0,61.0,27.9,36.0,43.0,83.7,12.0,62.0,74.0,72.0,39.0,10.0,7.0,34.0,448.0,3.0,0.0,-60.0
Haywood Highsmith,F,MIA,26.0,54.0,28.0,26.0,969.4,236.0,93.0,216.0,43.1,37.0,109.0,33.9,13.0,28.0,46.4,57.0,131.0,188.0,43.0,45.0,36.0,17.0,82.0,640.0,2.0,0.0,-103.0
Jaxson Hayes,C,NOP,22.0,47.0,22.0,25.0,610.1,233.0,86.0,156.0,55.1,3.0,29.0,10.3,58.0,83.0,69.9,39.0,93.0,132.0,34.0,31.0,20.0,19.0,67.0,528.0,0.0,0.0,-70.0
George Hill,PG,IND,36.0,46.0,27.0,19.0,833.3,232.0,78.0,166.0,47.0,34.0,95.0,35.8,42.0,55.0,76.4,15.0,70.0,85.0,110.0,34.0,26.0,6.0,55.0,561.0,0.0,0.0,41.0
Day'Ron Sharpe,C,BKN,21.0,48.0,22.0,26.0,552.5,227.0,93.0,171.0,54.4,6.0,11.0,54.5,35.0,55.0,63.6,99.0,101.0,200.0,37.0,42.0,15.0,32.0,89.0,622.0,2.0,0.0,-101.0
Dyson Daniels,G,NOP,20.0,59.0,33.0,26.0,1042.1,227.0,87.0,208.0,41.8,27.0,86.0,31.4,26.0,40.0,65.0,36.0,152.0,188.0,134.0,57.0,43.0,11.0,99.0,759.0,0.0,0.0,-7.0
Daishen Nix,SG,HOU,21.0,57.0,15.0,42.0,914.4,226.0,81.0,237.0,34.2,40.0,140.0,28.6,24.0,36.0,66.7,18.0,80.0,98.0,132.0,86.0,31.0,7.0,59.0,570.0,0.0,0.0,-151.0
Usman Garuba,PF,HOU,21.0,75.0,21.0,54.0,970.2,225.0,86.0,177.0,48.6,24.0,59.0,40.7,29.0,47.0,61.7,120.0,187.0,307.0,64.0,47.0,44.0,29.0,135.0,861.0,0.0,0.0,-253.0
Darius Bazley,PF,PHX,22.0,43.0,19.0,24.0,616.2,224.0,83.0,183.0,45.4,20.0,53.0,37.7,38.0,70.0,54.3,34.0,104.0,138.0,38.0,27.0,22.0,34.0,44.0,588.0,0.0,0.0,-70.0
Miles McBride,PG,NYK,22.0,64.0,36.0,28.0,760.2,222.0,77.0,215.0,35.8,40.0,134.0,29.9,28.0,42.0,66.7,13.0,37.0,50.0,72.0,25.0,37.0,8.0,60.0,500.0,0.0,0.0,53.0
Svi Mykhailiuk,SG,CHA,25.0,32.0,16.0,16.0,467.9,222.0,77.0,173.0,44.5,42.0,99.0,42.4,26.0,39.0,66.7,15.0,38.0,53.0,53.0,24.0,15.0,4.0,23.0,398.0,0.0,0.0,20.0
Maxi Kleber,PF,DAL,31.0,37.0,18.0,19.0,929.8,220.0,77.0,169.0,45.6,39.0,112.0,34.8,27.0,38.0,71.1,30.0,105.0,135.0,52.0,27.0,12.0,30.0,85.0,559.0,0.0,0.0,-43.0
Jabari Walker,F,POR,20.0,56.0,21.0,35.0,619.2,216.0,83.0,198.0,41.9,16.0,56.0,28.6,34.0,45.0,75.6,48.0,83.0,131.0,34.0,29.0,10.0,13.0,69.0,464.0,0.0,0.0,-115.0
Lindy Waters III,F,OKC,25.0,41.0,20.0,21.0,530.8,214.0,70.0,178.0,39.3,58.0,162.0,35.8,16.0,20.0,80.0,16.0,59.0,75.0,28.0,10.0,14.0,11.0,42.0,411.0,0.0,0.0,136.0
Ziaire Williams,F,MEM,21.0,37.0,21.0,16.0,560.8,210.0,84.0,196.0,42.9,25.0,97.0,25.8,17.0,22.0,77.3,16.0,63.0,79.0,35.0,37.0,14.0,6.0,58.0,380.0,0.0,0.0,-76.0
Davis Bertans,SF,DAL,30.0,45.0,20.0,25.0,491.8,206.0,69.0,160.0,43.1,55.0,141.0,39.0,13.0,15.0,86.7,10.0,43.0,53.0,21.0,10.0,11.0,8.0,53.0,348.0,0.0,0.0,-37.0
Dean Wade,PF,CLE,26.0,44.0,30.0,14.0,891.6,206.0,73.0,177.0,41.2,45.0,127.0,35.4,15.0,23.0,65.2,20.0,130.0,150.0,37.0,17.0,28.0,21.0,89.0,572.0,0.0,0.0,108.0
Justin Holiday,SF,DAL,34.0,46.0,18.0,28.0,706.1,205.0,77.0,204.0,37.7,46.0,143.0,32.2,5.0,8.0,62.5,5.0,50.0,55.0,41.0,22.0,19.0,19.0,68.0,425.0,0.0,0.0,-129.0
Charles Bassey,C,SAS,22.0,35.0,9.0,26.0,507.9,199.0,87.0,135.0,64.4,3.0,8.0,37.5,22.0,37.0,59.5,75.0,118.0,193.0,48.0,41.0,16.0,33.0,74.0,609.0,0.0,0.0,-32.0
DeAndre Jordan,C,DEN,34.0,39.0,23.0,16.0,585.9,199.0,88.0,115.0,76.5,1.0,1.0,100.0,22.0,48.0,45.8,52.0,150.0,202.0,34.0,48.0,12.0,23.0,71.0,549.0,2.0,0.0,-119.0
Dewayne Dedmon,C,PHI,33.0,38.0,23.0,15.0,426.2,199.0,77.0,151.0,51.0,12.0,39.0,30.8,33.0,49.0,67.3,34.0,100.0,134.0,26.0,25.0,9.0,19.0,75.0,458.0,0.0,0.0,-124.0
Justise Winslow,PF,POR,27.0,29.0,15.0,14.0,775.8,196.0,81.0,198.0,40.9,14.0,45.0,31.1,20.0,28.0,71.4,49.0,96.0,145.0,98.0,43.0,30.0,11.0,89.0,597.0,1.0,0.0,-38.0
Anthony Gill,PF,WAS,30.0,59.0,21.0,38.0,624.6,195.0,71.0,132.0,53.8,4.0,29.0,13.8,49.0,67.0,73.1,37.0,62.0,99.0,34.0,15.0,7.0,12.0,70.0,407.0,0.0,0.0,-12.0
Caleb Houstan,G,ORL,20.0,51.0,20.0,31.0,812.2,193.0,66.0,182.0,36.3,46.0,136.0,33.8,15.0,18.0,83.3,34.0,65.0,99.0,30.0,18.0,12.0,7.0,63.0,396.0,0.0,0.0,-84.0
Ousmane Dieng,F,OKC,19.0,39.0,20.0,19.0,568.7,193.0,76.0,181.0,42.0,26.0,98.0,26.5,15.0,23.0,65.2,19.0,86.0,105.0,46.0,26.0,14.0,7.0,42.0,425.0,0.0,0.0,39.0
James Bouknight,SG,CHA,22.0,34.0,9.0,25.0,515.5,191.0,69.0,193.0,35.8,33.0,109.0,30.3,20.0,30.0,66.7,8.0,64.0,72.0,41.0,32.0,14.0,5.0,49.0,364.0,0.0,0.0,-97.0
Keon Johnson,SG,POR,21.0,40.0,13.0,27.0,416.4,189.0,67.0,178.0,37.6,28.0,81.0,34.6,27.0,41.0,65.9,11.0,33.0,44.0,59.0,43.0,19.0,6.0,43.0,362.0,0.0,0.0,-153.0
JaVale McGee,C,DAL,35.0,42.0,20.0,22.0,354.5,186.0,80.0,125.0,64.0,2.0,5.0,40.0,24.0,41.0,58.5,30.0,77.0,107.0,11.0,36.0,4.0,26.0,54.0,385.0,0.0,0.0,-57.0
Blake Wesley,G,SAS,20.0,37.0,9.0,28.0,669.1,184.0,69.0,215.0,32.1,20.0,52.0,38.5,26.0,44.0,59.1,12.0,70.0,82.0,98.0,65.0,25.0,5.0,67.0,454.0,0.0,0.0,-198.0
Rodney McGruder,G,DET,31.0,32.0,4.0,28.0,523.9,183.0,62.0,152.0,40.8,41.0,97.0,42.3,18.0,22.0,81.8,20.0,54.0,74.0,28.0,11.0,16.0,1.0,39.0,354.0,0.0,0.0,-44.0
Christian Koloko,C,TOR,22.0,58.0,29.0,29.0,801.8,182.0,72.0,150.0,48.0,1.0,12.0,8.3,37.0,59.0,62.7,84.0,87.0,171.0,31.0,20.0,21.0,57.0,128.0,648.0,0.0,0.0,156.0
Luka Garza,C,MIN,24.0,28.0,15.0,13.0,243.4,181.0,63.0,116.0,54.3,14.0,39.0,35.9,41.0,52.0,78.8,33.0,30.0,63.0,18.0,14.0,3.0,2.0,43.0,285.0,0.0,0.0,18.0
Wesley Matthews,SG,MIL,36.0,52.0,37.0,15.0,820.4,179.0,58.0,160.0,36.3,39.0,124.0,31.5,24.0,28.0,85.7,34.0,79.0,113.0,34.0,18.0,20.0,13.0,71.0,447.0,0.0,0.0,53.0
Jericho Sims,C,NYK,24.0,52.0,31.0,21.0,812.4,178.0,83.0,107.0,77.6,0.0,1.0,0.0,12.0,16.0,75.0,99.0,143.0,242.0,25.0,27.0,15.0,28.0,96.0,608.0,2.0,0.0,-113.0
Stanley Johnson,SF,SAS,26.0,30.0,5.0,25.0,469.5,174.0,65.0,122.0,53.3,18.0,40.0,45.0,26.0,39.0,66.7,22.0,73.0,95.0,67.0,33.0,16.0,6.0,48.0,422.0,0.0,0.0,-92.0
Amir Coffey,SG,LAC,25.0,50.0,26.0,24.0,625.3,172.0,56.0,145.0,38.6,11.0,40.0,27.5,49.0,63.0,77.8,17.0,36.0,53.0,53.0,21.0,7.0,5.0,50.0,330.0,0.0,0.0,-114.0
Isaiah Roby,F,NYK,25.0,42.0,9.0,33.0,473.6,172.0,67.0,155.0,43.2,18.0,60.0,30.0,20.0,41.0,48.8,21.0,87.0,108.0,38.0,31.0,18.0,7.0,53.0,403.0,0.0,0.0,-110.0
Ricky Rubio,PG,CLE,32.0,33.0,23.0,10.0,566.0,171.0,61.0,178.0,34.3,21.0,82.0,25.6,28.0,35.0,80.0,9.0,61.0,70.0,115.0,31.0,26.0,6.0,51.0,493.0,0.0,0.0,45.0
Blake Griffin,PF,BOS,34.0,41.0,27.0,14.0,568.9,170.0,63.0,130.0,48.5,23.0,66.0,34.8,21.0,32.0,65.6,47.0,108.0,155.0,61.0,22.0,14.0,9.0,75.0,495.0,0.0,0.0,105.0
Taj Gibson,F,WAS,37.0,49.0,21.0,28.0,480.4,168.0,65.0,125.0,52.0,8.0,24.0,33.3,30.0,42.0,71.4,32.0,61.0,93.0,34.0,26.0,15.0,12.0,84.0,386.0,0.0,0.0,-4.0
Goga Bitadze,C,ORL,23.0,38.0,13.0,25.0,456.8,167.0,69.0,125.0,55.2,6.0,26.0,23.1,23.0,42.0,54.8,61.0,76.0,137.0,39.0,22.0,16.0,26.0,64.0,494.0,2.0,0.0,26.0
Evan Fournier,SG,NYK,30.0,27.0,15.0,12.0,458.7,165.0,56.0,166.0,33.7,35.0,114.0,30.7,18.0,21.0,85.7,4.0,45.0,49.0,36.0,22.0,16.0,3.0,46.0,313.0,0.0,0.0,-54.0
Javonte Green,SF,CHI,29.0,32.0,13.0,19.0,480.3,165.0,61.0,108.0,56.5,13.0,35.0,37.1,30.0,45.0,66.7,27.0,61.0,88.0,23.0,20.0,24.0,21.0,52.0,420.0,0.0,0.0,48.0
Julian Champagnie,F,SAS,21.0,17.0,7.0,10.0,320.1,165.0,59.0,130.0,45.4,33.0,82.0,40.2,14.0,17.0,82.4,10.0,50.0,60.0,10.0,11.0,6.0,5.0,26.0,274.0,1.0,0.0,-74.0
Johnny Davis,G,WAS,21.0,28.0,10.0,18.0,422.6,163.0,66.0,171.0,38.6,17.0,70.0,24.3,14.0,27.0,51.9,10.0,55.0,65.0,28.0,17.0,10.0,8.0,48.0,320.0,0.0,0.0,-54.0
Jordan McLaughlin,PG,MIN,27.0,43.0,22.0,21.0,678.5,161.0,61.0,145.0,42.1,24.0,78.0,30.8,15.0,18.0,83.3,15.0,47.0,62.0,148.0,33.0,32.0,4.0,28.0,532.0,0.0,0.0,84.0
Kai Jones,PF,CHA,22.0,46.0,13.0,33.0,549.6,157.0,67.0,120.0,55.8,4.0,19.0,21.1,19.0,26.0,73.1,37.0,86.0,123.0,15.0,31.0,17.0,30.0,65.0,437.0,1.0,0.0,-32.0
Raul Neto,PG,CLE,30.0,48.0,31.0,17.0,505.2,157.0,57.0,110.0,51.8,12.0,42.0,28.6,31.0,34.0,91.2,10.0,36.0,46.0,79.0,24.0,17.0,4.0,49.0,370.0,0.0,0.0,11.0
Admiral Schofield,SF,ORL,26.0,37.0,14.0,23.0,451.3,155.0,55.0,122.0,45.1,24.0,74.0,32.4,21.0,23.0,91.3,23.0,39.0,62.0,31.0,16.0,8.0,5.0,61.0,299.0,0.0,0.0,-79.0
Juan Toscano-Anderson,SF,UTA,30.0,52.0,19.0,33.0,700.1,155.0,64.0,143.0,44.8,8.0,43.0,18.6,19.0,24.0,79.2,28.0,96.0,124.0,65.0,34.0,16.0,10.0,80.0,445.0,0.0,0.0,-147.0
Moses Brown,C,BKN,23.0,36.0,17.0,19.0,294.1,155.0,61.0,96.0,63.5,0.0,0.0,0.0,33.0,72.0,45.8,57.0,82.0,139.0,4.0,15.0,4.0,14.0,39.0,367.0,3.0,0.0,27.0
AJ Green,G,MIL,23.0,35.0,27.0,8.0,344.9,154.0,53.0,125.0,42.4,44.0,105.0,41.9,4.0,4.0,100.0,6.0,39.0,45.0,22.0,9.0,6.0,0.0,31.0,250.0,0.0,0.0,-26.0
Bruno Fernando,PF,ATL,24.0,39.0,13.0,26.0,405.1,153.0,59.0,112.0,52.7,0.0,4.0,0.0,35.0,50.0,70.0,54.0,83.0,137.0,31.0,25.0,6.0,34.0,74.0,459.0,1.0,0.0,-75.0
Derrick Rose,PG,NYK,34.0,27.0,12.0,15.0,337.9,152.0,61.0,159.0,38.4,19.0,63.0,30.2,11.0,12.0,91.7,8.0,32.0,40.0,46.0,22.0,7.0,5.0,18.0,283.0,0.0,0.0,-29.0
Saben Lee,G,PHX,23.0,25.0,15.0,10.0,373.5,151.0,49.0,121.0,40.5,11.0,30.0,36.7,42.0,57.0,73.7,13.0,32.0,45.0,67.0,24.0,19.0,1.0,32.0,342.0,1.0,0.0,-30.0
TyTy Washington Jr.,G,HOU,21.0,31.0,6.0,25.0,432.7,145.0,58.0,160.0,36.3,19.0,80.0,23.8,10.0,18.0,55.6,2.0,43.0,45.0,47.0,14.0,15.0,2.0,29.0,307.0,0.0,0.0,-47.0
Brandon Boston Jr.,SG,LAC,21.0,22.0,9.0,13.0,248.3,143.0,51.0,122.0,41.8,12.0,29.0,41.4,29.0,38.0,76.3,7.0,23.0,30.0,20.0,12.0,9.0,0.0,21.0,224.0,0.0,0.0,-44.0
Dalano Banton,PG,TOR,23.0,31.0,17.0,14.0,278.5,142.0,55.0,130.0,42.3,15.0,51.0,29.4,17.0,24.0,70.8,11.0,34.0,45.0,36.0,18.0,13.0,13.0,34.0,310.0,0.0,0.0,-34.0
Damian Jones,C,UTA,27.0,41.0,12.0,29.0,477.4,142.0,55.0,86.0,64.0,10.0,17.0,58.8,22.0,29.0,75.9,42.0,80.0,122.0,15.0,23.0,8.0,21.0,55.0,375.0,1.0,0.0,-83.0
Kevon Harris,G,ORL,25.0,34.0,12.0,22.0,457.0,141.0,47.0,107.0,43.9,16.0,43.0,37.2,31.0,41.0,75.6,28.0,42.0,70.0,16.0,21.0,17.0,5.0,53.0,294.0,0.0,0.0,0.0
Furkan Korkmaz,SG,PHI,25.0,37.0,24.0,13.0,353.5,140.0,48.0,111.0,43.2,18.0,46.0,39.1,26.0,36.0,72.2,6.0,36.0,42.0,22.0,24.0,10.0,3.0,18.0,238.0,0.0,0.0,2.0
Nathan Knight,F,MIN,25.0,38.0,19.0,19.0,290.7,139.0,46.0,81.0,56.8,8.0,22.0,36.4,39.0,57.0,68.4,22.0,34.0,56.0,13.0,21.0,10.0,6.0,41.0,253.0,0.0,0.0,-9.0
Frank Ntilikina,PG,DAL,24.0,47.0,20.0,27.0,607.6,135.0,48.0,132.0,36.4,17.0,67.0,25.4,22.0,33.0,66.7,7.0,55.0,62.0,58.0,29.0,16.0,7.0,65.0,336.0,0.0,0.0,35.0
Markieff Morris,PF,DAL,33.0,35.0,17.0,18.0,355.1,132.0,47.0,115.0,40.9,28.0,71.0,39.4,10.0,10.0,100.0,13.0,58.0,71.0,31.0,18.0,9.0,5.0,48.0,288.0,1.0,0.0,10.0
Richaun Holmes,F,SAC,29.0,42.0,22.0,20.0,347.6,130.0,55.0,89.0,61.8,5.0,8.0,62.5,15.0,19.0,78.9,29.0,51.0,80.0,9.0,14.0,3.0,11.0,50.0,268.0,1.0,0.0,-69.0
Chuma Okeke,PF,ORL,24.0,27.0,8.0,19.0,518.0,128.0,43.0,122.0,35.2,26.0,86.0,30.2,16.0,21.0,76.2,26.0,70.0,96.0,37.0,17.0,19.0,11.0,40.0,372.0,0.0,0.0,-118.0
Max Christie,G,LAL,20.0,41.0,19.0,22.0,512.4,128.0,44.0,106.0,41.5,26.0,62.0,41.9,14.0,16.0,87.5,7.0,68.0,75.0,21.0,13.0,9.0,7.0,33.0,285.0,0.0,0.0,-77.0
Udoka Azubuike,C,UTA,23.0,36.0,17.0,19.0,358.5,125.0,59.0,72.0,81.9,0.0,0.0,0.0,7.0,20.0,35.0,31.0,88.0,119.0,11.0,18.0,6.0,15.0,34.0,329.0,0.0,0.0,-83.0
Jae Crowder,PF,MIL,32.0,18.0,13.0,5.0,339.7,124.0,45.0,94.0,47.9,24.0,55.0,43.6,10.0,12.0,83.3,17.0,52.0,69.0,27.0,7.0,12.0,6.0,27.0,294.0,0.0,0.0,0.0
Juancho Hernangomez,PF,TOR,27.0,42.0,20.0,22.0,613.5,122.0,48.0,114.0,42.1,17.0,67.0,25.4,9.0,16.0,56.3,27.0,96.0,123.0,25.0,15.0,16.0,6.0,43.0,358.0,1.0,0.0,13.0
Matt Ryan,F,MIN,26.0,34.0,15.0,19.0,310.2,122.0,40.0,108.0,37.0,32.0,84.0,38.1,10.0,12.0,83.3,4.0,22.0,26.0,16.0,7.0,5.0,1.0,27.0,188.0,0.0,0.0,21.0
Patrick Baldwin Jr.,F,GSW,20.0,31.0,15.0,16.0,225.8,122.0,43.0,109.0,39.4,32.0,84.0,38.1,4.0,6.0,66.7,1.0,39.0,40.0,11.0,11.0,6.0,4.0,14.0,206.0,0.0,0.0,-51.0
Gorgui Dieng,C,SAS,33.0,31.0,3.0,28.0,358.1,121.0,45.0,117.0,38.5,21.0,75.0,28.0,10.0,13.0,76.9,27.0,80.0,107.0,53.0,32.0,4.0,14.0,57.0,351.0,2.0,0.0,-152.0
Kenneth Lofton Jr.,F,MEM,20.0,24.0,15.0,9.0,176.0,120.0,49.0,93.0,52.7,6.0,17.0,35.3,16.0,27.0,59.3,19.0,32.0,51.0,20.0,12.0,5.0,2.0,28.0,220.0,1.0,0.0,-48.0
Orlando Robinson,C,MIA,22.0,31.0,18.0,13.0,425.1,116.0,47.0,89.0,52.8,0.0,6.0,0.0,22.0,31.0,71.0,48.0,78.0,126.0,25.0,16.0,12.0,12.0,53.0,361.0,0.0,0.0,27.0
Kira Lewis Jr.,PG,NOP,22.0,25.0,11.0,14.0,234.8,114.0,40.0,88.0,45.5,15.0,34.0,44.1,19.0,22.0,86.4,5.0,28.0,33.0,23.0,10.0,10.0,2.0,24.0,214.0,0.0,0.0,62.0
McKinley Wright IV,PG,DAL,24.0,27.0,14.0,13.0,335.0,114.0,46.0,98.0,46.9,9.0,28.0,32.1,13.0,19.0,68.4,9.0,38.0,47.0,58.0,19.0,8.0,5.0,24.0,277.0,0.0,0.0,-110.0
Robin Lopez,C,CLE,35.0,37.0,25.0,12.0,298.5,112.0,48.0,75.0,64.0,2.0,4.0,50.0,14.0,18.0,77.8,23.0,28.0,51.0,19.0,25.0,2.0,8.0,43.0,207.0,0.0,0.0,-58.0
Dominick Barlow,F,SAS,19.0,28.0,5.0,23.0,407.6,110.0,46.0,86.0,53.5,0.0,4.0,0.0,18.0,25.0,72.0,46.0,56.0,102.0,24.0,15.0,10.0,19.0,56.0,340.0,2.0,0.0,-108.0
Ish Smith,PG,DEN,34.0,43.0,25.0,18.0,397.9,108.0,52.0,131.0,39.7,2.0,12.0,16.7,2.0,4.0,50.0,5.0,49.0,54.0,100.0,44.0,8.0,7.0,33.0,324.0,0.0,0.0,-36.0
Jake LaRavia,F,MEM,21.0,35.0,22.0,13.0,414.3,105.0,37.0,95.0,38.9,24.0,71.0,33.8,7.0,9.0,77.8,19.0,44.0,63.0,21.0,18.0,12.0,4.0,49.0,242.0,0.0,0.0,-78.0
Boban Marjanovic,C,HOU,34.0,31.0,7.0,24.0,171.1,102.0,41.0,60.0,68.3,0.0,1.0,0.0,20.0,27.0,74.1,20.0,40.0,60.0,9.0,14.0,5.0,2.0,10.0,195.0,0.0,0.0,66.0
Gary Payton II,SG,GSW,30.0,22.0,13.0,9.0,367.6,101.0,41.0,69.0,59.4,13.0,26.0,50.0,6.0,7.0,85.7,24.0,45.0,69.0,30.0,16.0,22.0,5.0,43.0,294.0,0.0,0.0,39.0
Kessler Edwards,SF,SAC,22.0,36.0,17.0,19.0,385.8,100.0,36.0,93.0,38.7,17.0,55.0,30.9,11.0,15.0,73.3,23.0,38.0,61.0,23.0,13.0,14.0,6.0,40.0,255.0,0.0,0.0,5.0
Cody Zeller,C,MIA,30.0,15.0,6.0,9.0,216.6,98.0,37.0,59.0,62.7,0.0,2.0,0.0,24.0,35.0,68.6,25.0,39.0,64.0,10.0,14.0,3.0,4.0,33.0,197.0,0.0,0.0,-48.0
Jamal Cain,F,MIA,24.0,18.0,10.0,8.0,240.0,98.0,37.0,66.0,56.1,7.0,20.0,35.0,17.0,22.0,77.3,15.0,37.0,52.0,12.0,6.0,11.0,1.0,21.0,208.0,0.0,0.0,22.0
Theo Pinson,G,DAL,27.0,40.0,19.0,21.0,323.0,95.0,31.0,87.0,35.6,22.0,62.0,35.5,11.0,13.0,84.6,10.0,53.0,63.0,46.0,12.0,6.0,1.0,34.0,249.0,1.0,1.0,-50.0
Skylar Mays,SG,POR,25.0,6.0,1.0,5.0,188.8,92.0,34.0,68.0,50.0,12.0,26.0,46.2,12.0,13.0,92.3,2.0,17.0,19.0,50.0,10.0,6.0,1.0,11.0,201.0,1.0,0.0,-74.0
Bryn Forbes,SG,MIN,29.0,25.0,9.0,16.0,267.7,89.0,30.0,83.0,36.1,14.0,46.0,30.4,15.0,15.0,100.0,4.0,11.0,15.0,17.0,12.0,7.0,2.0,22.0,148.0,0.0,0.0,-48.0
Davon Reed,SG,LAL,27.0,43.0,29.0,14.0,342.5,89.0,28.0,84.0,33.3,17.0,46.0,37.0,16.0,24.0,66.7,10.0,49.0,59.0,23.0,20.0,15.0,4.0,39.0,231.0,0.0,0.0,-99.0
Frank Kaminsky,PF,HOU,30.0,36.0,13.0,23.0,234.9,89.0,31.0,63.0,49.2,13.0,33.0,39.4,14.0,16.0,87.5,7.0,45.0,52.0,32.0,9.0,6.0,4.0,22.0,220.0,0.0,0.0,-4.0
Terry Taylor,F,CHI,23.0,31.0,13.0,18.0,263.4,89.0,39.0,75.0,52.0,5.0,19.0,26.3,6.0,11.0,54.5,27.0,20.0,47.0,10.0,9.0,3.0,6.0,26.0,178.0,0.0,0.0,18.0
Johnny Juzang,G,UTA,22.0,18.0,6.0,12.0,232.3,87.0,35.0,104.0,33.7,15.0,63.0,23.8,2.0,4.0,50.0,8.0,31.0,39.0,8.0,3.0,4.0,3.0,13.0,164.0,0.0,0.0,-87.0
Dalen Terry,F,CHI,20.0,38.0,19.0,19.0,213.9,85.0,32.0,72.0,44.4,7.0,27.0,25.9,14.0,21.0,66.7,12.0,25.0,37.0,22.0,8.0,11.0,5.0,24.0,202.0,0.0,0.0,12.0
David Duke Jr.,G,BKN,23.0,23.0,10.0,13.0,228.0,85.0,36.0,78.0,46.2,1.0,12.0,8.3,12.0,17.0,70.6,11.0,18.0,29.0,21.0,18.0,10.0,1.0,31.0,166.0,0.0,0.0,-35.0
Nikola Jovic,F,MIA,19.0,15.0,7.0,8.0,204.5,82.0,28.0,69.0,40.6,8.0,35.0,22.9,18.0,19.0,94.7,9.0,22.0,31.0,10.0,10.0,7.0,2.0,19.0,151.0,0.0,0.0,-16.0
Kennedy Chandler,G,MEM,20.0,36.0,22.0,14.0,281.5,78.0,35.0,83.0,42.2,2.0,15.0,13.3,6.0,13.0,46.2,9.0,29.0,38.0,58.0,18.0,12.0,5.0,15.0,244.0,0.0,0.0,-41.0
Peyton Watson,F,DEN,20.0,23.0,13.0,10.0,186.1,75.0,29.0,59.0,49.2,6.0,14.0,42.9,11.0,20.0,55.0,8.0,29.0,37.0,11.0,8.0,2.0,11.0,14.0,167.0,0.0,0.0,-47.0
Kemba Walker,PG,DAL,32.0,9.0,5.0,4.0,143.9,72.0,24.0,57.0,42.1,7.0,28.0,25.0,17.0,21.0,81.0,3.0,13.0,16.0,19.0,4.0,2.0,2.0,11.0,128.0,0.0,0.0,-1.0
Luka Samanic,F,UTA,23.0,7.0,2.0,5.0,160.8,69.0,26.0,57.0,45.6,8.0,31.0,25.8,9.0,13.0,69.2,0.0,30.0,30.0,15.0,10.0,6.0,2.0,17.0,142.0,0.0,0.0,-6.0
Serge Ibaka,F,MIL,33.0,16.0,11.0,5.0,185.4,66.0,26.0,54.0,48.1,6.0,18.0,33.3,8.0,13.0,61.5,15.0,29.0,44.0,4.0,11.0,2.0,7.0,23.0,141.0,0.0,0.0,-25.0
Danny Green,F,CLE,35.0,11.0,6.0,5.0,138.7,61.0,22.0,49.0,44.9,16.0,37.0,43.2,1.0,1.0,100.0,3.0,11.0,14.0,6.0,10.0,6.0,3.0,16.0,104.0,0.0,0.0,-17.0
Jeff Dowtin Jr.,PG,TOR,25.0,25.0,17.0,8.0,258.7,61.0,25.0,57.0,43.9,5.0,16.0,31.3,6.0,9.0,66.7,6.0,17.0,23.0,31.0,5.0,9.0,3.0,13.0,166.0,0.0,0.0,-9.0
Moussa Diabate,F,LAC,21.0,22.0,10.0,12.0,195.5,59.0,24.0,47.0,51.1,1.0,2.0,50.0,10.0,16.0,62.5,31.0,19.0,50.0,4.0,9.0,7.0,8.0,15.0,161.0,0.0,0.0,-22.0
Mamadi Diakite,F,CLE,26.0,22.0,15.0,7.0,175.9,57.0,24.0,50.0,48.0,7.0,21.0,33.3,2.0,2.0,100.0,8.0,22.0,30.0,8.0,12.0,4.0,9.0,26.0,132.0,0.0,0.0,-9.0
A.J. Lawson,G,DAL,22.0,15.0,5.0,10.0,108.3,56.0,22.0,44.0,50.0,10.0,25.0,40.0,2.0,8.0,25.0,6.0,15.0,21.0,2.0,3.0,2.0,0.0,11.0,87.0,0.0,0.0,-46.0
Quenton Jackson,G,WAS,24.0,9.0,3.0,6.0,134.6,56.0,19.0,42.0,45.2,1.0,12.0,8.3,17.0,22.0,77.3,2.0,6.0,8.0,15.0,4.0,4.0,1.0,10.0,99.0,0.0,0.0,-17.0
Jonathan Isaac,PF,ORL,25.0,11.0,8.0,3.0,124.0,55.0,22.0,53.0,41.5,6.0,15.0,40.0,5.0,9.0,55.6,15.0,29.0,44.0,6.0,4.0,14.0,4.0,5.0,167.0,0.0,0.0,-19.0
Jeenathan Williams,G,POR,24.0,5.0,1.0,4.0,126.6,53.0,24.0,39.0,61.5,3.0,8.0,37.5,2.0,3.0,66.7,10.0,5.0,15.0,10.0,4.0,3.0,2.0,13.0,97.0,0.0,0.0,-38.0
Trent Forrest,G,ATL,24.0,23.0,9.0,14.0,277.0,52.0,25.0,60.0,41.7,0.0,2.0,0.0,2.0,3.0,66.7,5.0,32.0,37.0,38.0,15.0,7.0,2.0,17.0,165.0,0.0,0.0,-58.0
James Johnson,PF,IND,36.0,18.0,7.0,11.0,162.4,51.0,22.0,49.0,44.9,3.0,15.0,20.0,4.0,8.0,50.0,4.0,26.0,30.0,15.0,8.0,7.0,6.0,32.0,141.0,0.0,0.0,-7.0
Jay Huff,C,WAS,25.0,7.0,2.0,5.0,94.9,51.0,15.0,25.0,60.0,6.0,12.0,50.0,15.0,16.0,93.8,6.0,15.0,21.0,10.0,5.0,3.0,4.0,15.0,107.0,0.0,0.0,-7.0
Thanasis Antetokounmpo,SF,MIL,30.0,37.0,25.0,12.0,206.2,51.0,20.0,46.0,43.5,0.0,8.0,0.0,11.0,22.0,50.0,15.0,29.0,44.0,15.0,12.0,3.0,3.0,22.0,132.0,0.0,0.0,-114.0
Garrett Temple,SF,NOP,36.0,25.0,16.0,9.0,161.8,50.0,18.0,45.0,40.0,11.0,26.0,42.3,3.0,4.0,75.0,5.0,12.0,17.0,13.0,4.0,9.0,2.0,15.0,119.0,0.0,0.0,-17.0
Lindell Wigginton,G,MIL,25.0,7.0,4.0,3.0,86.7,50.0,18.0,37.0,48.6,6.0,18.0,33.3,8.0,9.0,88.9,0.0,7.0,7.0,14.0,12.0,0.0,2.0,7.0,73.0,1.0,0.0,-39.0
Daniel Theis,C,IND,31.0,7.0,1.0,6.0,108.8,49.0,21.0,44.0,47.7,2.0,11.0,18.2,5.0,12.0,41.7,7.0,15.0,22.0,9.0,3.0,2.0,6.0,7.0,110.0,0.0,0.0,-19.0
Matthew Dellavedova,PG,SAC,32.0,32.0,19.0,13.0,212.8,47.0,17.0,50.0,34.0,9.0,27.0,33.3,4.0,7.0,57.1,1.0,12.0,13.0,41.0,10.0,7.0,0.0,20.0,135.0,0.0,0.0,-51.0
Josh Minott,F,MIN,20.0,15.0,7.0,8.0,96.2,46.0,18.0,36.0,50.0,2.0,6.0,33.3,8.0,8.0,100.0,5.0,20.0,25.0,5.0,3.0,4.0,6.0,10.0,111.0,1.0,0.0,24.0
KZ Okpala,SF,SAC,24.0,35.0,19.0,16.0,248.0,46.0,16.0,38.0,42.1,7.0,21.0,33.3,7.0,8.0,87.5,7.0,27.0,34.0,13.0,7.0,7.0,7.0,39.0,141.0,0.0,0.0,-11.0
Jared Rhoden,G,DET,23.0,14.0,2.0,12.0,197.9,45.0,17.0,44.0,38.6,5.0,20.0,25.0,6.0,6.0,100.0,11.0,26.0,37.0,4.0,3.0,4.0,1.0,23.0,107.0,0.0,0.0,21.0
John Butler Jr.,F,POR,20.0,19.0,4.0,15.0,221.1,45.0,17.0,53.0,32.1,8.0,35.0,22.9,3.0,4.0,75.0,3.0,14.0,17.0,11.0,1.0,7.0,9.0,22.0,129.0,0.0,0.0,-70.0
Dru Smith,G,BKN,25.0,15.0,7.0,8.0,158.4,44.0,18.0,45.0,40.0,5.0,19.0,26.3,3.0,3.0,100.0,2.0,22.0,24.0,22.0,3.0,10.0,4.0,23.0,145.0,0.0,0.0,-28.0
Jarrett Culver,G,ATL,24.0,10.0,5.0,5.0,136.9,44.0,17.0,43.0,39.5,1.0,12.0,8.3,9.0,13.0,69.2,10.0,28.0,38.0,6.0,7.0,6.0,2.0,14.0,116.0,0.0,0.0,-19.0
Otto Porter Jr.,SF,TOR,29.0,8.0,4.0,4.0,146.3,44.0,15.0,30.0,50.0,6.0,17.0,35.3,8.0,8.0,100.0,6.0,13.0,19.0,8.0,4.0,11.0,0.0,7.0,108.0,0.0,0.0,-21.0
Shaquille Harrison,G,LAL,29.0,5.0,1.0,4.0,119.9,44.0,15.0,36.0,41.7,3.0,10.0,30.0,11.0,15.0,73.3,1.0,21.0,22.0,30.0,6.0,11.0,2.0,12.0,148.0,1.0,0.0,-1.0
Alex Len,C,SAC,29.0,26.0,15.0,11.0,161.2,43.0,16.0,30.0,53.3,0.0,2.0,0.0,11.0,16.0,68.8,24.0,36.0,60.0,12.0,16.0,4.0,11.0,28.0,162.0,0.0,0.0,19.0
Khem Birch,C,SAS,30.0,20.0,9.0,11.0,161.8,43.0,19.0,32.0,59.4,1.0,2.0,50.0,4.0,5.0,80.0,8.0,17.0,25.0,7.0,8.0,5.0,5.0,24.0,106.0,0.0,0.0,6.0
Meyers Leonard,C,MIL,31.0,9.0,6.0,3.0,113.7,43.0,14.0,29.0,48.3,7.0,18.0,38.9,8.0,9.0,88.9,12.0,22.0,34.0,1.0,6.0,2.0,0.0,16.0,85.0,1.0,0.0,-27.0
Jaden Springer,G,PHI,20.0,16.0,13.0,3.0,89.3,42.0,17.0,35.0,48.6,2.0,5.0,40.0,6.0,8.0,75.0,6.0,8.0,14.0,8.0,3.0,7.0,3.0,15.0,98.0,0.0,0.0,-3.0
Wendell Moore Jr.,G,MIN,21.0,29.0,16.0,13.0,152.7,42.0,18.0,43.0,41.9,2.0,17.0,11.8,4.0,5.0,80.0,4.0,14.0,18.0,18.0,8.0,8.0,5.0,13.0,122.0,0.0,0.0,-53.0
Jason Preston,PG,LAC,23.0,14.0,4.0,10.0,123.8,41.0,18.0,41.0,43.9,5.0,18.0,27.8,0.0,2.0,0.0,2.0,20.0,22.0,27.0,10.0,2.0,0.0,7.0,104.0,0.0,0.0,-11.0
Omer Yurtseven,C,MIA,24.0,9.0,5.0,4.0,83.2,40.0,16.0,27.0,59.3,3.0,7.0,42.9,5.0,6.0,83.3,8.0,15.0,23.0,2.0,4.0,2.0,2.0,16.0,79.0,0.0,0.0,10.0
Xavier Cooks,G,WAS,27.0,10.0,2.0,8.0,125.8,38.0,17.0,28.0,60.7,0.0,1.0,0.0,4.0,10.0,40.0,16.0,22.0,38.0,6.0,8.0,6.0,4.0,13.0,115.0,1.0,0.0,19.0
Jared Butler,SG,OKC,22.0,6.0,3.0,3.0,76.5,37.0,15.0,32.0,46.9,7.0,14.0,50.0,0.0,0.0,0.0,1.0,3.0,4.0,8.0,5.0,5.0,0.0,5.0,64.0,0.0,0.0,-1.0
Olivier Sarr,C,OKC,24.0,9.0,5.0,4.0,113.6,36.0,15.0,30.0,50.0,1.0,8.0,12.5,5.0,7.0,71.4,12.0,19.0,31.0,4.0,4.0,1.0,5.0,17.0,93.0,1.0,0.0,14.0
Vit Krejci,G,ATL,22.0,29.0,15.0,14.0,165.4,36.0,15.0,37.0,40.5,5.0,21.0,23.8,1.0,2.0,50.0,6.0,20.0,26.0,17.0,5.0,5.0,1.0,17.0,106.0,0.0,0.0,-3.0
Cody Martin,SF,CHA,27.0,7.0,2.0,5.0,133.7,35.0,14.0,36.0,38.9,3.0,14.0,21.4,4.0,7.0,57.1,8.0,16.0,24.0,11.0,2.0,4.0,1.0,13.0,93.0,0.0,0.0,-26.0
Nerlens Noel,C,BKN,29.0,17.0,4.0,13.0,194.7,35.0,13.0,36.0,36.1,1.0,2.0,50.0,8.0,12.0,66.7,10.0,36.0,46.0,10.0,13.0,16.0,10.0,32.0,170.0,0.0,0.0,-75.0
Isaiah Mobley,F,CLE,23.0,12.0,8.0,4.0,84.2,31.0,12.0,28.0,42.9,3.0,8.0,37.5,4.0,4.0,100.0,4.0,16.0,20.0,3.0,1.0,4.0,3.0,8.0,80.0,0.0,0.0,31.0
Vince Williams Jr.,G,MEM,22.0,15.0,7.0,8.0,104.6,30.0,12.0,40.0,30.0,4.0,28.0,14.3,2.0,2.0,100.0,4.0,11.0,15.0,4.0,5.0,6.0,2.0,12.0,73.0,0.0,0.0,-34.0
Greg Brown III,PF,POR,21.0,16.0,10.0,6.0,93.1,28.0,11.0,28.0,39.3,1.0,7.0,14.3,5.0,12.0,41.7,2.0,17.0,19.0,3.0,6.0,4.0,5.0,13.0,76.0,0.0,0.0,-5.0
Jordan Hall,G,SAS,21.0,9.0,1.0,8.0,82.7,28.0,9.0,28.0,32.1,3.0,15.0,20.0,7.0,9.0,77.8,3.0,9.0,12.0,11.0,7.0,1.0,0.0,6.0,55.0,0.0,0.0,-24.0
Joshua Primo,SG,SAS,20.0,4.0,3.0,1.0,93.4,28.0,9.0,26.0,34.6,3.0,12.0,25.0,7.0,9.0,77.8,2.0,11.0,13.0,18.0,11.0,1.0,2.0,8.0,69.0,0.0,0.0,-2.0
Udonis Haslem,PF,MIA,42.0,7.0,4.0,3.0,72.1,27.0,10.0,29.0,34.5,3.0,9.0,33.3,4.0,5.0,80.0,4.0,7.0,11.0,0.0,1.0,1.0,2.0,11.0,48.0,0.0,0.0,-25.0
Ryan Arcidiacono,G,POR,29.0,20.0,9.0,11.0,172.4,26.0,9.0,37.0,24.3,8.0,23.0,34.8,0.0,0.0,0.0,0.0,15.0,15.0,23.0,7.0,5.0,0.0,17.0,87.0,0.0,0.0,-40.0
Mac McClung,SG,PHI,24.0,2.0,2.0,0.0,41.1,25.0,9.0,20.0,45.0,4.0,11.0,36.4,3.0,5.0,60.0,3.0,7.0,10.0,9.0,3.0,0.0,0.0,3.0,48.0,0.0,0.0,18.0
Noah Vonleh,PF,BOS,27.0,23.0,17.0,6.0,171.6,25.0,11.0,24.0,45.8,1.0,4.0,25.0,2.0,2.0,100.0,18.0,30.0,48.0,7.0,11.0,2.0,8.0,35.0,112.0,0.0,0.0,-13.0
Sam Merrill,SG,CLE,26.0,5.0,4.0,1.0,58.5,25.0,9.0,22.0,40.9,5.0,18.0,27.8,2.0,2.0,100.0,0.0,9.0,9.0,5.0,0.0,4.0,0.0,3.0,55.0,0.0,0.0,-5.0
Gabe York,G,IND,29.0,3.0,1.0,2.0,55.8,24.0,8.0,21.0,38.1,6.0,18.0,33.3,2.0,2.0,100.0,0.0,6.0,6.0,5.0,0.0,2.0,0.0,5.0,45.0,0.0,0.0,24.0
Keon Ellis,G,SAC,23.0,16.0,7.0,9.0,70.9,24.0,7.0,16.0,43.8,6.0,12.0,50.0,4.0,7.0,57.1,4.0,4.0,8.0,6.0,1.0,5.0,1.0,10.0,60.0,0.0,0.0,-21.0
Micah Potter,C,UTA,25.0,7.0,4.0,3.0,52.4,24.0,10.0,15.0,66.7,4.0,7.0,57.1,0.0,0.0,0.0,3.0,13.0,16.0,4.0,2.0,1.0,0.0,5.0,50.0,1.0,0.0,-3.0
Ryan Rollins,G,GSW,20.0,12.0,5.0,7.0,62.1,23.0,7.0,20.0,35.0,3.0,9.0,33.3,6.0,6.0,100.0,3.0,9.0,12.0,6.0,16.0,1.0,1.0,10.0,36.0,0.0,0.0,-47.0
Jarrell Brantley,PF,UTA,26.0,4.0,0.0,4.0,39.0,22.0,8.0,14.0,57.1,4.0,9.0,44.4,2.0,2.0,100.0,1.0,5.0,6.0,3.0,2.0,0.0,2.0,3.0,38.0,0.0,0.0,15.0
PJ Dozier,G,SAC,26.0,16.0,11.0,5.0,79.3,22.0,10.0,33.0,30.3,2.0,16.0,12.5,0.0,0.0,0.0,1.0,13.0,14.0,10.0,5.0,6.0,1.0,7.0,70.0,0.0,0.0,-23.0
Jack White,F,DEN,25.0,17.0,13.0,4.0,66.0,21.0,8.0,19.0,42.1,3.0,9.0,33.3,2.0,3.0,66.7,6.0,11.0,17.0,4.0,2.0,3.0,2.0,9.0,60.0,0.0,0.0,-17.0
Trevelin Queen,SG,IND,26.0,7.0,2.0,5.0,70.0,21.0,7.0,29.0,24.1,2.0,15.0,13.3,5.0,5.0,100.0,8.0,9.0,17.0,6.0,7.0,2.0,5.0,4.0,64.0,0.0,0.0,14.0
Tyrese Martin,G,ATL,24.0,16.0,10.0,6.0,65.5,21.0,9.0,23.0,39.1,1.0,7.0,14.3,2.0,2.0,100.0,5.0,7.0,12.0,2.0,2.0,1.0,0.0,2.0,39.0,0.0,0.0,1.0
Carlik Jones,G,CHI,25.0,7.0,4.0,3.0,56.0,20.0,6.0,15.0,40.0,3.0,6.0,50.0,5.0,8.0,62.5,1.0,4.0,5.0,6.0,2.0,2.0,0.0,2.0,39.0,0.0,0.0,26.0
Justin Jackson,SF,BOS,28.0,23.0,15.0,8.0,107.4,20.0,7.0,27.0,25.9,5.0,20.0,25.0,1.0,2.0,50.0,2.0,15.0,17.0,9.0,2.0,4.0,4.0,7.0,76.0,0.0,0.0,-71.0
Louis King,SF,PHI,24.0,1.0,1.0,0.0,28.8,20.0,8.0,13.0,61.5,4.0,8.0,50.0,0.0,1.0,0.0,2.0,2.0,4.0,2.0,2.0,1.0,0.0,4.0,29.0,0.0,0.0,2.0
Ron Harper Jr.,F,TOR,23.0,9.0,6.0,3.0,47.5,20.0,8.0,16.0,50.0,3.0,9.0,33.3,1.0,1.0,100.0,3.0,4.0,7.0,4.0,0.0,0.0,1.0,3.0,37.0,0.0,0.0,19.0
JD Davison,SG,BOS,20.0,12.0,11.0,1.0,65.7,19.0,8.0,19.0,42.1,2.0,7.0,28.6,1.0,2.0,50.0,2.0,7.0,9.0,11.0,4.0,2.0,2.0,5.0,54.0,0.0,0.0,-6.0
Tony Bradley,C,CHI,25.0,12.0,5.0,7.0,33.4,19.0,6.0,12.0,50.0,3.0,5.0,60.0,4.0,4.0,100.0,1.0,10.0,11.0,1.0,1.0,1.0,1.0,2.0,39.0,0.0,0.0,11.0
Andre Iguodala,F,GSW,39.0,8.0,3.0,5.0,112.6,17.0,7.0,15.0,46.7,1.0,9.0,11.1,2.0,3.0,66.7,3.0,14.0,17.0,19.0,9.0,4.0,3.0,11.0,78.0,0.0,0.0,35.0
Justin Minaya,F,POR,24.0,4.0,0.0,4.0,88.8,17.0,7.0,23.0,30.4,3.0,12.0,25.0,0.0,1.0,0.0,3.0,12.0,15.0,4.0,4.0,2.0,5.0,9.0,58.0,0.0,0.0,-20.0
Michael Carter-Williams,G,ORL,31.0,4.0,1.0,3.0,44.5,17.0,6.0,14.0,42.9,1.0,3.0,33.3,4.0,7.0,57.1,1.0,4.0,5.0,7.0,4.0,1.0,1.0,5.0,36.0,0.0,0.0,-26.0
Xavier Sneed,F,CHA,25.0,4.0,0.0,4.0,48.2,17.0,5.0,10.0,50.0,3.0,6.0,50.0,4.0,4.0,100.0,0.0,5.0,5.0,5.0,3.0,0.0,1.0,7.0,31.0,0.0,0.0,-28.0
Buddy Boeheim,F,DET,23.0,10.0,2.0,8.0,90.1,16.0,5.0,27.0,18.5,4.0,25.0,16.0,2.0,2.0,100.0,2.0,4.0,6.0,4.0,0.0,2.0,0.0,6.0,35.0,0.0,0.0,3.0
RaiQuan Gray,F,BKN,23.0,1.0,0.0,1.0,35.1,16.0,6.0,12.0,50.0,2.0,5.0,40.0,2.0,2.0,100.0,3.0,6.0,9.0,7.0,4.0,0.0,1.0,5.0,36.0,0.0,0.0,-14.0
Darius Days,F,HOU,23.0,4.0,0.0,4.0,25.0,15.0,5.0,12.0,41.7,3.0,10.0,30.0,2.0,2.0,100.0,1.0,5.0,6.0,1.0,0.0,0.0,1.0,2.0,27.0,0.0,0.0,1.0
Jamaree Bouyea,G,WAS,23.0,5.0,2.0,3.0,70.5,15.0,6.0,14.0,42.9,2.0,6.0,33.3,1.0,2.0,50.0,1.0,5.0,6.0,4.0,4.0,4.0,2.0,6.0,42.0,0.0,0.0,-17.0
Scotty Pippen Jr.,G,LAL,22.0,6.0,1.0,5.0,31.5,14.0,4.0,12.0,33.3,1.0,3.0,33.3,5.0,9.0,55.6,2.0,2.0,4.0,2.0,2.0,2.0,1.0,3.0,29.0,0.0,0.0,-1.0
Jay Scrubb,G,ORL,22.0,2.0,1.0,1.0,30.1,13.0,5.0,7.0,71.4,2.0,2.0,100.0,1.0,2.0,50.0,0.0,6.0,6.0,1.0,3.0,2.0,0.0,2.0,25.0,0.0,0.0,-16.0
Neemias Queta,C,SAC,23.0,5.0,1.0,4.0,28.7,12.0,6.0,9.0,66.7,0.0,0.0,0.0,0.0,2.0,0.0,5.0,6.0,11.0,1.0,1.0,0.0,2.0,7.0,32.0,0.0,0.0,-30.0
Justin Champagnie,SF,BOS,21.0,5.0,4.0,1.0,34.3,11.0,5.0,15.0,33.3,1.0,5.0,20.0,0.0,0.0,0.0,3.0,5.0,8.0,4.0,0.0,1.0,0.0,2.0,30.0,0.0,0.0,-4.0
Facundo Campazzo,G,DAL,32.0,8.0,2.0,6.0,52.2,10.0,3.0,13.0,23.1,3.0,11.0,27.3,1.0,2.0,50.0,0.0,2.0,2.0,9.0,3.0,6.0,0.0,3.0,41.0,0.0,0.0,11.0
Lester Quinones,G,GSW,22.0,4.0,4.0,0.0,18.1,10.0,2.0,5.0,40.0,2.0,4.0,50.0,4.0,6.0,66.7,1.0,2.0,3.0,2.0,5.0,1.0,0.0,0.0,15.0,0.0,0.0,6.0
Cole Swider,F,LAL,23.0,7.0,2.0,5.0,41.1,9.0,3.0,9.0,33.3,3.0,8.0,37.5,0.0,0.0,0.0,1.0,6.0,7.0,4.0,0.0,0.0,0.0,3.0,23.0,0.0,0.0,3.0
Isaiah Todd,PF,WAS,21.0,6.0,2.0,4.0,61.4,9.0,3.0,19.0,15.8,1.0,10.0,10.0,2.0,2.0,100.0,2.0,10.0,12.0,4.0,2.0,1.0,0.0,4.0,30.0,0.0,0.0,-7.0
Joe Wieskamp,SF,TOR,23.0,9.0,6.0,3.0,49.7,9.0,3.0,14.0,21.4,3.0,12.0,25.0,0.0,0.0,0.0,0.0,4.0,4.0,3.0,1.0,0.0,0.0,3.0,17.0,0.0,0.0,2.0
Kendall Brown,SG,IND,19.0,6.0,1.0,5.0,40.3,9.0,4.0,7.0,57.1,0.0,1.0,0.0,1.0,2.0,50.0,2.0,4.0,6.0,3.0,2.0,4.0,0.0,9.0,31.0,0.0,0.0,4.0
Trevor Hudgins,G,HOU,24.0,5.0,0.0,5.0,28.3,9.0,2.0,9.0,22.2,2.0,8.0,25.0,3.0,3.0,100.0,0.0,0.0,0.0,3.0,1.0,0.0,0.0,1.0,13.0,0.0,0.0,3.0
Tyler Dorsey,G,DAL,27.0,3.0,2.0,1.0,8.3,9.0,4.0,5.0,80.0,1.0,2.0,50.0,0.0,0.0,0.0,1.0,1.0,2.0,0.0,0.0,0.0,0.0,0.0,11.0,0.0,0.0,2.0
Alize Johnson,F,SAS,27.0,4.0,1.0,3.0,29.5,7.0,3.0,6.0,50.0,0.0,2.0,0.0,1.0,2.0,50.0,2.0,8.0,10.0,1.0,4.0,1.0,0.0,3.0,20.0,0.0,0.0,12.0
Chance Comanche,C,POR,27.0,1.0,0.0,1.0,20.8,7.0,3.0,5.0,60.0,0.0,0.0,0.0,1.0,4.0,25.0,2.0,1.0,3.0,0.0,0.0,0.0,1.0,0.0,14.0,0.0,0.0,-29.0
Xavier Moon,PG,LAC,28.0,4.0,2.0,2.0,19.6,7.0,3.0,9.0,33.3,1.0,3.0,33.3,0.0,0.0,0.0,0.0,3.0,3.0,5.0,1.0,0.0,0.0,2.0,17.0,0.0,0.0,3.0
Leandro Bolmaro,F,UTA,22.0,14.0,8.0,6.0,68.5,6.0,3.0,20.0,15.0,0.0,4.0,0.0,0.0,0.0,0.0,4.0,3.0,7.0,7.0,7.0,3.0,1.0,10.0,30.0,0.0,0.0,2.0
Marko Simonovic,C,CHI,23.0,7.0,3.0,4.0,19.6,6.0,2.0,7.0,28.6,1.0,4.0,25.0,1.0,2.0,50.0,1.0,1.0,2.0,0.0,0.0,0.0,0.0,5.0,8.0,0.0,0.0,15.0
Mfiondu Kabengele,C,BOS,25.0,4.0,3.0,1.0,36.4,6.0,2.0,7.0,28.6,0.0,3.0,0.0,2.0,2.0,100.0,5.0,5.0,10.0,0.0,1.0,2.0,0.0,3.0,23.0,0.0,0.0,-5.0
Vernon Carey Jr.,C,UTA,22.0,11.0,8.0,3.0,28.5,6.0,2.0,8.0,25.0,0.0,0.0,0.0,2.0,2.0,100.0,3.0,8.0,11.0,3.0,2.0,2.0,2.0,5.0,34.0,0.0,0.0,-10.0
Dylan Windler,SG,CLE,26.0,3.0,3.0,0.0,10.4,5.0,2.0,3.0,66.7,1.0,2.0,50.0,0.0,0.0,0.0,0.0,0.0,0.0,1.0,1.0,1.0,0.0,0.0,9.0,0.0,0.0,-1.0
Kobi Simmons,G,CHA,25.0,5.0,1.0,4.0,27.8,5.0,1.0,6.0,16.7,1.0,5.0,20.0,2.0,2.0,100.0,1.0,3.0,4.0,5.0,1.0,0.0,2.0,0.0,22.0,0.0,0.0,-19.0
Malcolm Hill,F,CHI,27.0,5.0,4.0,1.0,9.2,5.0,2.0,4.0,50.0,1.0,3.0,33.3,0.0,0.0,0.0,0.0,3.0,3.0,0.0,0.0,0.0,0.0,1.0,9.0,0.0,0.0,9.0
Braxton Key,G,DET,26.0,3.0,0.0,3.0,9.1,4.0,1.0,1.0,100.0,0.0,0.0,0.0,2.0,2.0,100.0,0.0,1.0,1.0,0.0,0.0,0.0,0.0,0.0,5.0,0.0,0.0,-3.0
Dereon Seabron,G,NOP,22.0,5.0,2.0,3.0,11.6,4.0,2.0,5.0,40.0,0.0,0.0,0.0,0.0,0.0,0.0,1.0,0.0,1.0,0.0,0.0,0.0,0.0,1.0,5.0,0.0,0.0,10.0
Donovan Williams,G,ATL,21.0,2.0,1.0,1.0,4.3,4.0,2.0,5.0,40.0,0.0,2.0,0.0,0.0,0.0,0.0,0.0,2.0,2.0,0.0,0.0,0.0,0.0,0.0,6.0,0.0,0.0,6.0
Devon Dotson,G,WAS,23.0,6.0,1.0,5.0,53.1,3.0,1.0,10.0,10.0,1.0,4.0,25.0,0.0,0.0,0.0,6.0,4.0,10.0,8.0,3.0,5.0,0.0,9.0,39.0,0.0,0.0,-3.0
Jacob Gilyard,G,MEM,24.0,1.0,0.0,1.0,40.8,3.0,1.0,3.0,33.3,1.0,3.0,33.3,0.0,0.0,0.0,0.0,4.0,4.0,7.0,2.0,3.0,0.0,3.0,25.0,0.0,0.0,-13.0
Jordan Schakel,F,WAS,24.0,2.0,0.0,2.0,6.2,3.0,1.0,2.0,50.0,1.0,1.0,100.0,0.0,0.0,0.0,0.0,0.0,0.0,1.0,0.0,1.0,0.0,1.0,8.0,0.0,0.0,6.0
Trevor Keels,G,NYK,19.0,3.0,3.0,0.0,8.0,3.0,1.0,4.0,25.0,1.0,4.0,25.0,0.0,0.0,0.0,0.0,2.0,2.0,0.0,0.0,0.0,0.0,0.0,5.0,0.0,0.0,-18.0
Chima Moneke,F,SAC,27.0,2.0,1.0,1.0,7.9,2.0,1.0,2.0,50.0,0.0,0.0,0.0,0.0,2.0,0.0,2.0,0.0,2.0,1.0,2.0,0.0,0.0,2.0,4.0,0.0,0.0,-9.0
Chris Silva,F,DAL,26.0,1.0,1.0,0.0,3.0,2.0,1.0,1.0,100.0,0.0,0.0,0.0,0.0,0.0,0.0,0.0,0.0,0.0,0.0,1.0,0.0,0.0,2.0,1.0,0.0,0.0,1.0
Stanley Umude,G,DET,24.0,1.0,0.0,1.0,2.1,2.0,0.0,1.0,0.0,0.0,1.0,0.0,2.0,2.0,100.0,0.0,0.0,0.0,0.0,0.0,1.0,1.0,0.0,8.0,0.0,0.0,3.0
Alondes Williams,N/A,BKN,23.0,1.0,1.0,0.0,5.3,0.0,0.0,0.0,0.0,0.0,0.0,0.0,0.0,0.0,0.0,0.0,1.0,1.0,0.0,2.0,0.0,0.0,1.0,-1.0,0.0,0.0,-5.0
Deonte Burton,N/A,SAC,29.0,2.0,1.0,1.0,6.5,0.0,0.0,2.0,0.0,0.0,1.0,0.0,0.0,0.0,0.0,0.0,0.0,0.0,0.0,0.0,0.0,0.0,0.0,0.0,0.0,0.0,5.0
Frank Jackson,N/A,UTA,24.0,1.0,0.0,1.0,5.0,0.0,0.0,3.0,0.0,0.0,1.0,0.0,0.0,0.0,0.0,1.0,1.0,2.0,1.0,0.0,0.0,0.0,0.0,4.0,0.0,0.0,-2.0
Michael Foster Jr.,N/A,PHI,20.0,1.0,1.0,0.0,1.0,0.0,0.0,0.0,0.0,0.0,0.0,0.0,0.0,0.0,0.0,0.0,0.0,0.0,0.0,0.0,0.0,0.0,0.0,0.0,0.0,0.0,-2.0
Sterling Brown,N/A,LAL,28.0,4.0,2.0,2.0,24.4,0.0,0.0,4.0,0.0,0.0,2.0,0.0,0.0,0.0,0.0,3.0,5.0,8.0,2.0,0.0,3.0,0.0,4.0,22.0,0.0,0.0,-4.0
