Player,TEAM,GP,MIN,PTS,FGM,FGA,FG%,3PM,3PA,3P%,FTM,FTA,FT%,OREB,DREB,REB,AST,STL,BLK,TOV,PF,EFF,AST/TOV,STL/TOV
Luka Doncic,DAL,70,2624,2370,804,1652,48.7,284,744,38.2,478,608,78.6,59,588,647,686,99,38,282, 149, 2580, 2.43, 0.35
Shai Gilgeous-Alexander,OKC,75,2553,2254,796,1487,53.5,95,269,35.3,567,649,87.4,65,350,415,465,150,67,162, 184, 2416, 2.87, 0.93
Giannis Antetokounmpo,MIL,73,2567,2222,837,1369,61.1,34,124,27.4,514,782,65.7,196,645,841,476,87,79,250, 210, 2655, 1.90, 0.35
Jalen Brunson,NYK,77,2726,2212,790,1648,47.9,211,526,40.1,421,497,84.7,43,235,278,519,70,13,186, 144, 1972, 2.79, 0.38
Nikola Jokic,DEN,79,2737,2085,822,1411,58.3,83,231,35.9,358,438,81.7,223,753,976,708,108,68,237, 194, 3039, 2.99, 0.46
Anthony Edwards,MIN,79,2770,2049,718,1558,46.1,190,532,35.7,423,506,83.6,52,378,430,405,101,42,241, 141, 1863, 1.68, 0.42
Kevin Durant,PHX,75,2791,2032,751,1436,52.3,168,407,41.3,362,423,85.6,41,454,495,378,69,91,244, 133, 2075, 1.55, 0.28
Jayson Tatum,BOS,74,2645,1987,672,1426,47.1,229,609,37.6,414,497,83.3,67,534,601,364,75,43,188, 145, 2045, 1.94, 0.40
De'Aaron Fox,SAC,74,2659,1966,720,1549,46.5,214,580,36.9,312,423,73.8,67,273,340,418,150,31,194, 193, 1771, 2.15, 0.77
Stephen Curry,GSW,74,2422,1956,650,1445,45.0,357,876,40.8,299,324,92.3,37,293,330,379,54,28,210, 117, 1717, 1.80, 0.26
DeMar DeRozan,CHI,79,2989,1897,650,1355,48.0,75,225,33.3,522,612,85.3,43,297,340,421,90,45,135, 161, 1863, 3.12, 0.67
Anthony Davis,LAL,76,2700,1876,713,1283,55.6,29,107,27.1,421,516,81.6,239,722,961,266,91,178,159, 177, 2548, 1.67, 0.57
Devin Booker,PHX,68,2447,1841,642,1305,49.2,152,418,36.4,405,457,88.6,56,252,308,472,61,28,178, 206, 1817, 2.65, 0.34
LeBron James,LAL,71,2504,1822,685,1269,54.0,149,363,41.0,303,404,75.0,61,457,518,589,89,38,245, 78, 2126, 2.40, 0.36
Tyrese Maxey,PHI,70,2626,1816,638,1419,45.0,212,569,37.3,328,378,86.8,36,222,258,433,69,33,116, 151, 1662, 3.73, 0.59
Paolo Banchero,ORL,80,2799,1804,640,1407,45.5,119,351,33.9,405,559,72.5,82,472,554,431,71,47,247, 153, 1739, 1.75, 0.29
Damian Lillard,MIL,73,2578,1775,541,1277,42.4,220,622,35.4,473,514,92.0,36,284,320,508,72,18,193, 134, 1723, 2.63, 0.37
Dejounte Murray,ATL,78,2783,1753,672,1463,45.9,201,554,36.3,208,262,79.4,62,354,416,502,111,24,201, 138, 1760, 2.50, 0.55
Pascal Siakam,IND,80,2658,1737,681,1271,53.6,85,246,34.6,290,396,73.2,139,426,565,342,63,25,141, 193, 1895, 2.43, 0.45
Paul George,LAC,74,2502,1671,582,1236,47.1,243,588,41.3,264,291,90.7,37,351,388,262,113,37,153, 202, 1637, 1.71, 0.74
Kawhi Leonard,LAC,68,2330,1613,610,1162,52.5,140,336,41.7,253,286,88.5,84,332,416,244,111,59,119, 97, 1739, 2.05, 0.93
Jalen Green,HOU,82,2601,1610,563,1332,42.3,201,605,33.2,283,352,80.4,41,382,423,291,66,28,191, 115, 1389, 1.52, 0.35
Jaylen Brown,BOS,70,2343,1610,627,1256,49.9,145,410,35.4,211,300,70.3,84,303,387,249,83,37,166, 185, 1482, 1.50, 0.50
Mikal Bridges,BKN,82,2854,1606,564,1294,43.6,220,592,37.2,258,317,81.4,68,304,372,299,81,30,164, 116, 1435, 1.82, 0.49
Zion Williamson,NOP,70,2207,1601,624,1094,57.0,6,18,33.3,347,494,70.2,122,284,406,352,77,47,193, 159, 1673, 1.82, 0.40
Domantas Sabonis,SAC,82,2928,1593,634,1068,59.4,33,87,37.9,292,415,70.4,294,826,1120,673,74,48,272, 250, 2679, 2.47, 0.27
Kyle Kuzma,WAS,70,2281,1553,608,1313,46.3,151,450,33.6,186,240,77.5,62,402,464,296,37,49,192, 153, 1448, 1.54, 0.19
Victor Wembanyama,SAS,71,2106,1522,551,1186,46.5,128,394,32.5,292,367,79.6,161,594,755,274,88,254,260, 153, 1923, 1.05, 0.34
Coby White,CHI,79,2881,1509,541,1209,44.7,209,556,37.6,218,260,83.8,44,314,358,405,53,18,166, 186, 1467, 2.44, 0.32
Kyrie Irving,DAL,58,2030,1487,562,1131,49.7,173,421,41.1,190,210,90.5,44,246,290,299,74,28,106, 112, 1483, 2.82, 0.70
Jaren Jackson Jr.,MEM,66,2124,1486,516,1162,44.4,117,366,32.0,337,417,80.8,85,280,365,154,80,106,160, 235, 1305, 0.96, 0.50
Cam Thomas,BKN,66,2075,1482,526,1190,44.2,144,396,36.4,286,334,85.6,28,186,214,192,45,16,124, 138, 1113, 1.55, 0.36
Donovan Mitchell,CLE,55,1943,1463,503,1089,46.2,182,494,36.8,275,318,86.5,46,234,280,333,101,30,154, 118, 1424, 2.16, 0.66
Collin Sexton,UTA,78,2075,1458,506,1038,48.7,128,325,39.4,318,370,85.9,71,134,205,383,62,18,165, 154, 1377, 2.32, 0.38
Miles Bridges,CHA,69,2581,1449,559,1210,46.2,157,450,34.9,174,211,82.5,71,434,505,231,65,33,138, 118, 1457, 1.67, 0.47
Franz Wagner,ORL,72,2337,1421,528,1096,48.2,94,334,28.1,271,319,85.0,72,309,381,269,76,28,137, 168, 1422, 1.96, 0.56
Cade Cunningham,DET,62,2074,1405,524,1167,44.9,119,335,35.5,238,274,86.9,33,235,268,464,56,22,212, 153, 1324, 2.19, 0.26
Trae Young,ATL,54,1942,1389,433,1008,43.0,175,469,37.3,348,407,85.5,23,126,149,583,72,11,235, 109, 1335, 2.48, 0.31
Tyrese Haliburton,IND,69,2224,1389,500,1048,47.7,195,535,36.4,194,227,85.5,35,236,271,752,83,48,159, 75, 1803, 4.73, 0.52
Klay Thompson,GSW,77,2284,1375,490,1133,43.2,268,692,38.7,127,137,92.7,35,219,254,176,50,35,117, 127, 1120, 1.50, 0.43
Nikola Vucevic,CHI,76,2610,1370,586,1211,48.4,92,313,29.4,106,129,82.2,210,591,801,254,50,60,120, 190, 1767, 2.12, 0.42
D'Angelo Russell,LAL,76,2484,1369,492,1080,45.6,226,545,41.5,159,192,82.8,28,208,236,482,69,36,156, 156, 1415, 3.09, 0.44
Bam Adebayo,MIA,71,2416,1367,530,1017,52.1,15,42,35.7,292,387,75.5,159,578,737,278,81,66,162, 159, 1785, 1.72, 0.50
Chet Holmgren,OKC,82,2413,1357,505,953,53.0,129,349,37.0,218,275,79.3,129,519,648,200,53,190,131, 197, 1812, 1.53, 0.41
Jordan Poole,WAS,78,2346,1356,490,1186,41.3,184,564,32.6,192,219,87.7,32,180,212,343,86,25,188, 244, 1111, 1.82, 0.46
Michael Porter Jr.,DEN,81,2565,1356,522,1079,48.4,220,554,39.7,92,110,83.6,106,459,565,122,42,53,92, 148, 1471, 1.33, 0.46
Jalen Williams,OKC,71,2224,1355,536,993,54.0,103,241,42.7,180,221,81.4,37,245,282,322,80,45,123, 175, 1463, 2.62, 0.65
Joel Embiid,PHI,39,1309,1353,450,851,52.9,54,139,38.8,399,452,88.3,95,335,430,219,46,66,150, 112, 1510, 1.46, 0.31
Karl-Anthony Towns,MIN,62,2026,1349,479,951,50.4,136,327,41.6,255,292,87.3,94,421,515,189,43,41,177, 204, 1451, 1.07, 0.24
Bogdan Bogdanovic,ATL,79,2401,1333,471,1100,42.8,240,641,37.4,151,164,92.1,53,219,272,247,96,26,112, 179, 1220, 2.21, 0.86
Brandon Ingram,NOP,64,2103,1332,500,1017,49.2,86,242,35.5,246,307,80.1,43,281,324,363,50,40,163, 145, 1368, 2.23, 0.31
Alperen Sengun,HOU,63,2046,1331,527,982,53.7,33,111,29.7,244,352,69.3,183,406,589,312,76,46,162, 211, 1629, 1.93, 0.47
Devin Vassell,SAS,68,2248,1323,498,1056,47.2,166,446,37.2,161,201,80.1,27,234,261,277,73,23,108, 74, 1251, 2.56, 0.68
CJ McCollum,NOP,66,2159,1322,484,1055,45.9,239,557,42.9,115,139,82.7,39,247,286,305,62,41,110, 126, 1311, 2.77, 0.56
Myles Turner,IND,77,2076,1313,476,909,52.4,116,324,35.8,245,317,77.3,113,420,533,100,39,144,109, 232, 1515, 0.92, 0.36
Austin Reaves,LAL,82,2629,1300,457,940,48.6,154,420,36.7,232,272,85.3,57,295,352,450,66,25,174, 153, 1496, 2.59, 0.38
Brandon Miller,CHA,74,2383,1279,476,1083,44.0,184,493,37.3,143,173,82.7,60,255,315,175,66,42,132, 184, 1108, 1.33, 0.50
Lauri Markkanen,UTA,55,1820,1278,427,890,48.0,175,439,39.9,249,277,89.9,122,327,449,110,50,26,77, 100, 1345, 1.43, 0.65
Jarrett Allen,CLE,77,2442,1271,519,819,63.4,0,6,0.0,233,314,74.2,243,568,811,210,53,81,121, 147, 1924, 1.74, 0.44
Fred VanVleet,HOU,73,2684,1270,423,1018,41.6,227,586,38.7,197,229,86.0,33,245,278,589,101,59,126, 183, 1544, 4.67, 0.80
Donte DiVincenzo,NYK,81,2360,1259,445,1004,44.3,283,705,40.1,86,114,75.4,63,234,297,216,107,36,113, 166, 1215, 1.91, 0.95
Jamal Murray,DEN,59,1861,1250,474,986,48.1,145,341,42.5,157,184,85.3,42,200,242,384,57,39,125, 104, 1308, 3.07, 0.46
Jimmy Butler,MIA,60,2042,1246,396,793,49.9,60,145,41.4,394,459,85.8,105,213,318,298,79,17,102, 68, 1394, 2.92, 0.78
Terry Rozier,MIA,61,2040,1205,442,998,44.3,149,410,36.3,172,198,86.9,35,212,247,342,63,21,106, 101, 1190, 3.23, 0.59
Tobias Harris,PHI,70,2368,1204,463,951,48.7,91,258,35.3,187,213,87.8,80,373,453,217,70,46,93, 115, 1383, 2.33, 0.75
James Harden,LAC,72,2470,1192,352,822,42.8,186,488,38.1,302,344,87.8,34,335,369,614,77,57,185, 127, 1612, 3.32, 0.42
Scottie Barnes,TOR,60,2094,1191,447,942,47.5,101,296,34.1,196,251,78.1,141,353,494,363,75,88,165, 118, 1496, 2.20, 0.46
Jonathan Kuminga,GSW,74,1949,1188,456,862,52.9,53,165,32.1,223,299,74.6,92,263,355,163,55,36,122, 169, 1193, 1.34, 0.45
Jaden Ivey,DET,77,2218,1185,417,973,42.9,124,369,33.6,227,303,74.9,86,178,264,296,57,41,190, 204, 1021, 1.56, 0.30
Keegan Murray,SAC,77,2589,1172,443,975,45.4,183,511,35.8,103,124,83.1,106,314,420,129,79,59,64, 205, 1242, 2.02, 1.23
RJ Barrett,TOR,58,1838,1170,436,880,49.5,90,250,36.0,208,291,71.5,53,262,315,193,31,22,126, 129, 1078, 1.53, 0.25
Immanuel Quickley,TOR,68,1985,1156,388,894,43.4,171,433,39.5,209,245,85.3,17,242,259,331,50,10,101, 119, 1163, 3.28, 0.49
Kristaps Porzingis,BOS,57,1690,1145,388,752,51.6,110,293,37.5,259,302,85.8,97,312,409,115,42,111,89, 156, 1326, 1.29, 0.47
Tim Hardaway Jr.,DAL,79,2120,1139,392,976,40.2,211,597,35.3,144,169,85.2,22,232,254,139,42,6,69, 106, 902, 2.01, 0.61
Jerami Grant,POR,54,1830,1132,383,850,45.1,111,276,40.2,255,312,81.7,37,154,191,152,45,34,116, 117, 914, 1.31, 0.39
Bobby Portis,MIL,82,2008,1130,466,918,50.8,100,246,40.7,98,124,79.0,142,465,607,104,68,34,91, 189, 1374, 1.14, 0.75
Dennis Schroder,BKN,80,2486,1122,403,927,43.5,138,368,37.5,178,213,83.6,39,203,242,488,63,17,153, 164, 1220, 3.19, 0.41
Malik Monk,SAC,72,1872,1110,396,893,44.3,148,423,35.0,170,205,82.9,28,184,212,370,45,39,150, 156, 1094, 2.47, 0.30
Derrick White,BOS,73,2381,1107,387,839,46.1,196,495,39.6,137,152,90.1,51,259,310,377,74,87,112, 152, 1376, 3.37, 0.66
Deni Avdija,WAS,75,2257,1102,406,803,50.6,88,235,37.4,202,273,74.0,84,456,540,286,60,36,160, 185, 1396, 1.79, 0.38
Julius Randle,NYK,46,1630,1102,395,836,47.2,76,244,31.1,236,302,78.1,99,324,423,229,25,12,159, 125, 1125, 1.44, 0.16
Naz Reid,MIN,81,1964,1090,406,851,47.7,169,408,41.4,109,148,73.6,73,350,423,106,63,73,111, 172, 1160, 0.95, 0.57
Keldon Johnson,SAS,69,2038,1084,391,862,45.4,127,367,34.6,175,221,79.2,95,282,377,195,51,20,100, 149, 1110, 1.95, 0.51
Corey Kispert,WAS,80,2067,1070,386,794,48.6,184,480,38.3,114,157,72.6,30,195,225,156,41,16,98, 141, 959, 1.59, 0.42
Rudy Gobert,MIN,76,2593,1061,406,614,66.1,0,3,0.0,249,390,63.8,285,697,982,102,52,162,118, 238, 1892, 0.86, 0.44
Norman Powell,LAC,76,1990,1056,373,768,48.6,167,384,43.5,143,172,83.1,16,179,195,82,43,22,66, 137, 908, 1.24, 0.65
Kelly Oubre Jr.,PHI,68,2055,1049,387,878,44.1,101,325,31.1,174,232,75.0,94,247,341,101,77,47,87, 194, 979, 1.16, 0.89
Jabari Smith Jr.,HOU,76,2424,1044,378,833,45.4,138,380,36.3,150,185,81.1,139,477,616,121,52,61,89, 200, 1315, 1.36, 0.58
Anfernee Simons,POR,46,1582,1039,360,837,43.0,156,405,38.5,163,178,91.6,22,145,167,255,23,5,126, 98, 871, 2.02, 0.18
Darius Garland,CLE,57,1900,1028,375,841,44.6,132,356,37.1,146,175,83.4,30,122,152,373,74,7,176, 95, 963, 2.12, 0.42
John Collins,UTA,68,1901,1027,397,746,53.2,86,232,37.1,147,185,79.5,157,418,575,77,40,61,98, 191, 1295, 0.79, 0.41
Grayson Allen,PHX,75,2513,1014,340,682,49.9,205,445,46.1,129,147,87.8,48,247,295,227,69,45,95, 157, 1195, 2.39, 0.73
Aaron Gordon,DEN,73,2297,1013,398,716,55.6,40,138,29.0,177,269,65.8,174,297,471,259,56,45,105, 142, 1329, 2.47, 0.53
Buddy Hield,PHI,84,2160,1013,371,850,43.6,219,568,38.6,52,59,88.1,61,208,269,236,70,42,103, 169, 1041, 2.29, 0.68
Jonas Valanciunas,NOP,82,1925,1002,402,719,55.9,37,120,30.8,161,205,78.5,186,535,721,173,32,68,111, 218, 1524, 1.56, 0.29
Harrison Barnes,SAC,82,2381,1000,347,732,47.4,149,385,38.7,157,196,80.1,67,182,249,99,54,12,58, 98, 932, 1.71, 0.93
Desmond Bane,MEM,42,1443,997,360,776,46.4,137,360,38.1,140,161,87.0,36,149,185,230,43,22,112, 120, 928, 2.05, 0.38
Brook Lopez,MIL,79,2411,990,366,755,48.5,148,404,36.6,110,134,82.1,117,292,409,127,43,189,79, 191, 1266, 1.61, 0.54
Josh Giddey,OKC,80,2012,986,402,847,47.5,82,243,33.7,100,124,80.6,111,403,514,386,51,44,168, 111, 1344, 2.30, 0.30
Gary Trent Jr.,TOR,71,1994,974,361,847,42.6,178,453,39.3,74,96,77.1,25,163,188,119,77,10,47, 96, 813, 2.53, 1.64
Keyonte George,UTA,75,2023,974,319,815,39.1,147,440,33.4,189,223,84.8,15,196,211,332,36,7,188, 91, 842, 1.77, 0.19
Bradley Beal,PHX,53,1767,964,377,735,51.3,101,235,43.0,109,134,81.3,54,178,232,265,52,27,131, 127, 1026, 2.02, 0.40
Caris LeVert,CLE,68,1958,952,345,820,42.1,108,332,32.5,154,201,76.6,39,241,280,346,76,34,117, 121, 1049, 2.96, 0.65
Jalen Suggs,ORL,75,2025,943,336,714,47.1,153,385,39.7,118,156,75.6,48,181,229,205,106,47,132, 205, 982, 1.55, 0.80
Jordan Clarkson,UTA,55,1682,942,337,816,41.3,91,309,29.4,177,201,88.1,49,139,188,277,35,6,146, 81, 799, 1.90, 0.24
Andrew Wiggins,GSW,71,1920,939,353,780,45.3,91,254,35.8,142,189,75.1,108,213,321,119,42,41,87, 147, 901, 1.37, 0.48
P.J. Washington,DAL,73,2221,939,354,811,43.6,132,413,32.0,99,145,68.3,85,326,411,141,72,59,96, 169, 1023, 1.47, 0.75
Cole Anthony,ORL,81,1817,937,332,763,43.5,93,275,33.8,180,218,82.6,64,247,311,236,64,37,126, 175, 990, 1.87, 0.51
Ayo Dosunmu,CHI,76,2212,924,360,719,50.1,119,295,40.3,85,105,81.0,54,162,216,242,68,36,103, 166, 1004, 2.35, 0.66
Rui Hachimura,LAL,68,1825,923,363,676,53.7,98,232,42.2,99,134,73.9,58,236,294,81,41,25,46, 101, 970, 1.76, 0.89
Deandre Ayton,POR,55,1783,920,427,749,57.0,1,10,10.0,65,79,82.3,176,433,609,90,56,42,99, 109, 1282, 0.91, 0.57
Dillon Brooks,HOU,72,2227,915,329,768,42.8,133,370,35.9,124,147,84.4,53,193,246,119,64,10,88, 241, 804, 1.35, 0.73
Jalen Johnson,ATL,56,1889,896,359,702,51.1,71,200,35.5,107,147,72.8,74,414,488,203,67,47,101, 133, 1217, 2.01, 0.66
De'Andre Hunter,ATL,57,1681,891,304,663,45.9,117,304,38.5,166,196,84.7,31,191,222,87,40,16,83, 146, 784, 1.05, 0.48
Jaime Jaquez Jr.,MIA,75,2113,889,341,697,48.9,65,202,32.2,142,175,81.1,82,203,285,195,77,20,110, 167, 967, 1.77, 0.70
Malik Beasley,MIL,79,2337,889,320,722,44.3,224,542,41.3,25,35,71.4,41,249,290,108,59,9,54, 158, 889, 2.00, 1.09
Aaron Nesmith,IND,72,1995,877,315,635,49.6,140,334,41.9,107,137,78.1,63,212,275,108,65,49,64, 241, 960, 1.69, 1.02
Duncan Robinson,MIA,68,1906,875,304,675,45.0,187,473,39.5,80,90,88.9,15,158,173,192,46,16,95, 163, 826, 2.02, 0.48
Tyler Herro,MIA,42,1407,875,324,735,44.1,132,333,39.6,95,111,85.6,19,203,222,188,30,3,93, 63, 798, 2.02, 0.32
Mike Conley,MIN,76,2193,869,294,644,45.7,179,405,44.2,102,112,91.1,37,181,218,449,88,17,102, 128, 1179, 4.40, 0.86
Bojan Bogdanovic,NYK,57,1478,868,309,681,45.4,133,334,39.8,117,149,78.5,22,130,152,97,30,5,101, 95, 647, 0.96, 0.30
Moritz Wagner,ORL,80,1415,868,332,552,60.1,38,115,33.0,166,204,81.4,117,230,347,96,39,21,97, 160, 1016, 0.99, 0.40
Scoot Henderson,POR,62,1765,868,307,797,38.5,87,268,32.5,167,204,81.9,53,141,194,336,48,13,212, 195, 720, 1.58, 0.23
Saddiq Bey,ATL,63,2062,863,290,697,41.6,113,358,31.6,170,203,83.7,167,244,411,92,51,11,54, 88, 934, 1.70, 0.94
Jeremy Sochan,SAS,74,2193,861,340,776,43.8,70,227,30.8,111,144,77.1,137,339,476,249,62,40,140, 168, 1079, 1.78, 0.44
Jrue Holiday,BOS,69,2263,860,331,689,48.0,138,322,42.9,60,72,83.3,84,289,373,333,61,53,124, 108, 1186, 2.69, 0.49
Luguentz Dort,OKC,79,2246,860,288,657,43.8,156,396,39.4,128,155,82.6,74,210,284,113,72,47,74, 228, 906, 1.53, 0.97
Bennedict Mathurin,IND,59,1538,856,296,663,44.6,80,214,37.4,184,224,82.1,60,174,234,119,35,14,97, 117, 754, 1.23, 0.36
Max Strus,CLE,70,2239,853,304,728,41.8,168,479,35.1,77,97,79.4,66,272,338,283,64,29,112, 170, 1011, 2.53, 0.57
Obi Toppin,IND,82,1731,843,332,579,57.3,102,253,40.3,77,100,77.0,85,235,320,128,47,43,69, 143, 1042, 1.85, 0.68
Trey Murphy III,NOP,57,1690,842,275,621,44.3,169,445,38.0,123,151,81.5,42,238,280,124,51,28,34, 70, 917, 3.65, 1.50
Jalen Duren,DET,61,1777,841,349,564,61.9,0,4,0.0,143,181,79.0,192,517,709,147,33,47,129, 192, 1395, 1.14, 0.26
Nic Claxton,BKN,71,2116,841,366,582,62.9,1,5,20.0,108,196,55.1,193,513,706,147,46,146,93, 175, 1489, 1.58, 0.49
Herbert Jones,NOP,76,2321,837,293,588,49.8,114,273,41.8,137,158,86.7,74,198,272,199,105,62,93, 224, 1066, 2.14, 1.13
Clint Capela,ATL,73,1883,836,353,618,57.1,0,1,0.0,130,206,63.1,335,441,776,91,43,106,74, 164, 1437, 1.23, 0.58
Reggie Jackson,DEN,82,1817,833,326,756,43.1,102,284,35.9,79,98,80.6,33,122,155,308,44,13,106, 149, 798, 2.91, 0.41
Jusuf Nurkic,PHX,76,2078,829,320,627,51.0,22,90,24.4,167,261,64.0,224,613,837,301,81,80,175, 254, 1552, 1.72, 0.46
Khris Middleton,MIL,55,1487,828,317,643,49.3,94,247,38.1,100,120,83.3,40,217,257,292,51,15,127, 141, 970, 2.30, 0.40
Daniel Gafford,DAL,74,1814,814,348,480,72.5,0,0,0.0,118,175,67.4,195,367,562,115,65,153,74, 227, 1446, 1.55, 0.88
Spencer Dinwiddie,LAL,76,2152,795,251,640,39.2,124,368,33.7,169,210,80.5,30,175,205,356,51,22,91, 138, 908, 3.91, 0.56
Ivica Zubac,LAC,68,1795,794,337,519,64.9,0,0,0.0,120,166,72.3,196,430,626,93,22,83,79, 180, 1311, 1.18, 0.28
Tyus Jones,WAS,66,1933,790,326,666,48.9,106,256,41.4,32,40,80.0,20,159,179,485,71,18,66, 48, 1129, 7.35, 1.08
Payton Pritchard,BOS,82,1826,787,297,635,46.8,147,382,38.5,46,56,82.1,70,195,265,281,39,6,61, 106, 969, 4.61, 0.64
Evan Mobley,CLE,50,1532,785,320,552,58.0,22,59,37.3,123,171,71.9,111,357,468,160,45,72,90, 134, 1160, 1.78, 0.50
Grant Williams,CHA,76,2130,784,276,605,45.6,126,336,37.5,106,140,75.7,86,232,318,174,44,39,109, 226, 887, 1.60, 0.40
Cameron Johnson,BKN,58,1599,776,276,619,44.6,138,353,39.1,86,109,78.9,55,196,251,138,49,15,57, 105, 806, 2.42, 0.86
Zach Collins,SAS,69,1526,776,298,616,48.4,58,181,32.0,122,162,75.3,118,252,370,194,34,52,132, 206, 936, 1.47, 0.26
Tre Jones,SAS,77,2138,771,303,600,50.5,64,191,33.5,101,118,85.6,58,231,289,478,78,9,116, 92, 1195, 4.12, 0.67
Georges Niang,CLE,82,1831,768,284,632,44.9,149,396,37.6,51,60,85.0,22,256,278,98,30,18,72, 192, 763, 1.36, 0.42
Kentavious Caldwell-Pope,DEN,76,2402,766,270,587,46.0,125,308,40.6,101,113,89.4,31,152,183,183,98,42,75, 151, 868, 2.44, 1.31
Kelly Olynyk,TOR,78,1759,762,276,497,55.5,60,155,38.7,150,180,83.3,108,303,411,347,74,30,152, 230, 1221, 2.28, 0.49
Josh Hart,NYK,81,2707,761,295,679,43.4,80,258,31.0,91,115,79.1,128,547,675,331,75,23,118, 171, 1339, 2.81, 0.64
Jaden McDaniels,MIN,72,2105,757,307,628,48.9,86,255,33.7,57,79,72.2,56,168,224,101,63,42,87, 219, 757, 1.16, 0.72
Russell Westbrook,LAC,68,1529,754,301,663,45.4,42,154,27.3,110,160,68.8,93,250,343,306,74,23,144, 121, 944, 2.13, 0.51
Eric Gordon,PHX,68,1893,749,274,618,44.3,150,397,37.8,51,64,79.7,16,106,122,139,66,30,73, 79, 676, 1.90, 0.90
OG Anunoby,NYK,50,1702,733,282,577,48.9,102,267,38.2,67,89,75.3,47,161,208,107,68,36,81, 119, 754, 1.32, 0.84
T.J. McConnell,IND,71,1291,727,330,593,55.6,18,44,40.9,49,62,79.0,36,155,191,390,72,8,108, 79, 1004, 3.61, 0.67
Bruce Brown,TOR,67,1865,726,278,582,47.8,53,164,32.3,117,142,82.4,53,231,284,192,59,17,86, 148, 863, 2.23, 0.69
Alex Caruso,CHI,71,2040,715,253,541,46.8,136,333,40.8,73,96,76.0,62,211,273,247,120,70,102, 181, 1012, 2.42, 1.18
Sam Hauser,BOS,79,1741,712,249,558,44.6,197,465,42.4,17,19,89.5,45,231,276,82,40,25,32, 99, 792, 2.56, 1.25
GG Jackson,MEM,48,1233,699,241,563,42.8,102,286,35.7,115,153,75.2,53,143,196,59,28,24,65, 64, 581, 0.91, 0.43
Taurean Prince,LAL,78,2108,697,253,572,44.2,141,356,39.6,50,68,73.5,21,209,230,119,58,35,73, 146, 729, 1.63, 0.80
Simone Fontecchio,DET,66,1644,692,252,548,46.0,134,334,40.1,54,66,81.8,64,182,246,101,44,23,68, 110, 730, 1.49, 0.65
Malaki Branham,SAS,75,1594,690,271,628,43.2,93,268,34.7,55,63,87.3,28,120,148,156,27,8,91, 94, 573, 1.71, 0.30
Alec Burks,NYK,66,1212,689,210,569,36.9,124,330,37.6,145,167,86.8,24,126,150,88,28,12,48, 75, 538, 1.83, 0.58
Brandin Podziemski,GSW,74,1968,682,271,597,45.4,90,234,38.5,50,79,63.3,118,309,427,273,61,14,88, 122, 1014, 3.10, 0.69
Andre Drummond,CHI,79,1351,663,267,480,55.6,0,3,0.0,129,218,59.2,265,443,708,37,73,48,81, 140, 1146, 0.46, 0.90
Terance Mann,LAC,75,1873,658,254,493,51.5,71,204,34.8,79,95,83.2,87,167,254,119,43,15,48, 145, 786, 2.48, 0.90
Derrick Jones Jr.,DAL,76,1783,657,239,495,48.3,82,239,34.3,97,136,71.3,82,168,250,75,53,51,65, 121, 726, 1.15, 0.81
Kevin Huerter,SAC,64,1562,655,248,560,44.3,123,341,36.1,36,47,76.6,38,186,224,166,45,23,53, 135, 737, 3.13, 0.85
Nickeil Alexander-Walker,MIN,82,1921,655,236,538,43.9,131,335,39.1,52,65,80.0,35,132,167,204,64,42,76, 143, 741, 2.68, 0.84
Santi Aldama,MEM,61,1618,654,247,568,43.5,106,304,34.9,54,87,62.1,72,280,352,138,43,54,69, 89, 818, 2.00, 0.62
Nick Richards,CHA,67,1759,652,260,376,69.1,0,1,0.0,132,179,73.7,172,367,539,54,26,74,73, 176, 1109, 0.74, 0.36
Isaac Okoro,CLE,69,1887,647,235,480,49.0,84,215,39.1,93,137,67.9,67,139,206,132,57,34,54, 140, 733, 2.44, 1.06
Caleb Martin,MIA,64,1757,640,241,559,43.1,81,232,34.9,77,99,77.8,74,207,281,143,47,29,77, 126, 723, 1.86, 0.61
Jabari Walker,POR,72,1701,638,234,509,46.0,41,139,29.5,129,171,75.4,151,357,508,71,42,22,66, 173, 898, 1.08, 0.64
Isaiah Joe,OKC,78,1445,636,222,485,45.8,147,353,41.6,45,52,86.5,32,148,180,99,46,22,47, 87, 666, 2.11, 0.98
Andrew Nembhard,IND,68,1697,626,260,522,49.8,61,171,35.7,45,56,80.4,36,105,141,280,63,6,101, 143, 742, 2.77, 0.62
Duop Reath,POR,68,1214,617,230,499,46.1,88,245,35.9,69,93,74.2,93,157,250,67,33,38,52, 161, 660, 1.29, 0.64
Malcolm Brogdon,POR,39,1121,613,218,496,44.0,82,199,41.2,95,116,81.9,28,120,148,214,27,8,60, 58, 651, 3.57, 0.45
Royce O'Neale,PHX,79,1954,608,214,539,39.7,156,422,37.0,24,35,68.6,60,317,377,219,59,44,73, 174, 898, 3.00, 0.81
Wendell Carter Jr.,ORL,55,1406,603,223,425,52.5,64,171,37.4,93,134,69.4,112,269,381,95,35,28,68, 121, 831, 1.40, 0.52
Jalen Smith,IND,61,1047,601,234,395,59.2,61,144,42.4,72,104,69.2,112,225,337,63,17,38,44, 124, 819, 1.43, 0.39
Christian Braun,DEN,82,1656,600,222,483,46.0,63,164,38.4,93,134,69.4,79,227,306,132,42,35,55, 137, 758, 2.40, 0.76
Paul Reed,PHI,82,1589,600,259,480,54.0,21,57,36.8,61,85,71.8,193,295,488,109,67,84,67, 198, 1036, 1.63, 1.00
Amen Thompson,HOU,62,1389,592,239,446,53.6,8,58,13.8,106,155,68.4,148,261,409,163,78,38,90, 141, 934, 1.81, 0.87
Marcus Sasser,DET,71,1351,586,219,512,42.8,90,240,37.5,58,66,87.9,11,114,125,236,44,12,90, 103, 612, 2.62, 0.49
Marvin Bagley III,WAS,50,1053,583,239,408,58.6,9,23,39.1,96,126,76.2,130,182,312,55,20,33,59, 81, 745, 0.93, 0.34
Isaiah Hartenstein,NYK,75,1896,582,235,365,64.4,1,3,33.3,111,157,70.7,244,382,626,188,87,85,93, 210, 1299, 2.02, 0.94
Dorian Finney-Smith,BKN,68,1935,580,215,511,42.1,117,336,34.8,33,46,71.7,109,208,317,107,56,38,59, 150, 730, 1.81, 0.95
Cam Whitmore,HOU,47,880,579,212,467,45.4,79,220,35.9,76,112,67.9,44,136,180,33,30,17,46, 64, 502, 0.72, 0.65
Cameron Payne,PHI,78,1304,578,208,481,43.2,104,267,39.0,58,67,86.6,21,96,117,205,42,11,66, 126, 605, 3.11, 0.64
Lonnie Walker IV,BKN,58,1011,565,208,492,42.3,104,271,38.4,45,59,76.3,13,114,127,74,32,20,51, 71, 469, 1.45, 0.63
Precious Achiuwa,NYK,74,1624,565,235,469,50.1,26,97,26.8,69,112,61.6,191,296,487,97,46,68,83, 143, 903, 1.17, 0.55
Al Horford,BOS,65,1740,562,214,419,51.1,108,258,41.9,26,30,86.7,82,331,413,168,38,62,48, 93, 986, 3.50, 0.79
Miles McBride,NYK,68,1328,562,205,454,45.2,109,266,41.0,43,50,86.0,31,69,100,114,50,7,30, 108, 547, 3.80, 1.67
Cason Wallace,OKC,82,1692,561,217,442,49.1,98,234,41.9,29,37,78.4,52,135,187,120,76,37,45, 129, 703, 2.67, 1.69
Onyeka Okongwu,ATL,55,1405,561,223,365,61.1,23,69,33.3,92,116,79.3,145,231,376,74,26,60,45, 162, 886, 1.64, 0.58
Dalano Banton,POR,54,1047,557,202,500,40.4,59,199,29.6,94,120,78.3,41,137,178,127,33,20,77, 64, 514, 1.65, 0.43
Ausar Thompson,DET,63,1583,556,232,480,48.3,21,113,18.6,71,119,59.7,129,273,402,120,68,59,84, 175, 825, 1.43, 0.81
Jakob Poeltl,TOR,50,1319,555,248,378,65.6,0,0,0.0,59,107,55.1,146,283,429,127,35,76,77, 149, 967, 1.65, 0.46
Aaron Wiggins,OKC,78,1228,542,212,377,56.2,62,126,49.2,56,71,78.9,60,126,186,86,56,19,56, 91, 653, 1.54, 1.00
Trayce Jackson-Davis,GSW,68,1130,540,233,332,70.2,0,1,0.0,74,132,56.1,135,206,341,82,29,76,49, 108, 862, 1.67, 0.59
Chris Paul,GSW,58,1531,533,206,467,44.1,78,210,37.1,43,52,82.7,18,207,225,393,70,6,76, 108, 881, 5.17, 0.92
Moses Moody,GSW,66,1156,533,194,420,46.2,72,200,36.0,73,93,78.5,65,131,196,57,42,24,44, 90, 562, 1.29, 0.95
Bilal Coulibaly,WAS,63,1715,532,188,432,43.5,64,185,34.6,92,131,70.2,56,200,256,110,57,48,87, 137, 633, 1.26, 0.66
Peyton Watson,DEN,80,1488,532,208,447,46.5,45,152,29.6,71,106,67.0,56,202,258,86,42,88,58, 143, 674, 1.48, 0.72
Jaden Hardy,DAL,73,989,530,195,479,40.7,81,224,36.2,59,76,77.6,20,111,131,109,22,4,62, 80, 433, 1.76, 0.35
Toumani Camara,POR,70,1739,527,197,438,45.0,58,172,33.7,75,99,75.8,139,204,343,87,66,33,84, 174, 707, 1.04, 0.79
LaMelo Ball,CHA,22,711,526,183,423,43.3,70,197,35.5,90,104,86.5,29,84,113,176,40,4,83, 79, 522, 2.12, 0.48
Jordan Hawkins,NOP,67,1161,524,174,456,38.2,109,298,36.6,67,80,83.8,29,119,148,70,19,7,40, 72, 433, 1.75, 0.47
Vince Williams Jr.,MEM,52,1437,521,169,379,44.6,79,209,37.8,104,130,80.0,59,231,290,175,47,34,92, 135, 739, 1.90, 0.51
Walker Kessler,UTA,64,1493,518,229,350,65.4,4,19,21.1,56,93,60.2,165,316,481,60,30,154,66, 132, 1019, 0.91, 0.46
Talen Horton-Tucker,UTA,51,1009,516,184,465,39.6,60,182,33.0,88,109,80.7,21,100,121,177,45,19,65, 94, 511, 2.72, 0.69
Dario Saric,GSW,64,1098,515,181,388,46.6,74,197,37.6,79,93,84.9,73,210,283,144,31,10,78, 112, 684, 1.85, 0.40
Aaron Holiday,HOU,78,1269,514,186,417,44.6,84,217,38.7,58,63,92.1,23,100,123,140,42,6,53, 125, 536, 2.64, 0.79
Gradey Dick,TOR,60,1268,510,189,445,42.5,88,241,36.5,44,51,86.3,27,105,132,68,34,2,50, 87, 433, 1.36, 0.68
Shaedon Sharpe,POR,32,1059,510,176,434,40.6,60,180,33.3,98,119,82.4,42,118,160,94,28,12,72, 88, 453, 1.31, 0.39
Jeff Green,HOU,78,1307,509,167,366,45.6,53,160,33.1,122,149,81.9,46,132,178,70,16,31,46, 100, 532, 1.52, 0.35
Kyle Anderson,MIN,79,1782,506,199,433,46.0,11,48,22.9,97,137,70.8,60,213,273,331,71,47,91, 128, 863, 3.64, 0.78
Julian Champagnie,SAS,74,1468,504,164,402,40.8,101,277,36.5,75,92,81.5,42,164,206,103,48,42,57, 77, 591, 1.81, 0.84
Isaiah Stewart,DET,46,1423,503,186,382,48.7,67,175,38.3,64,85,75.3,74,231,305,73,17,38,66, 99, 653, 1.11, 0.26
Gordon Hayward,OKC,51,1245,500,187,403,46.4,37,90,41.1,89,120,74.2,38,143,181,158,40,13,66, 67, 579, 2.39, 0.61
Cedi Osman,SAS,72,1269,489,184,384,47.9,86,221,38.9,35,52,67.3,25,155,180,119,36,11,47, 107, 571, 2.53, 0.77
Kyle Lowry,PHI,60,1690,487,163,377,43.2,98,250,39.2,63,75,84.0,34,160,194,253,59,21,85, 146, 703, 2.98, 0.69
Zach LaVine,CHI,25,872,487,170,376,45.2,59,169,34.9,88,103,85.4,8,121,129,98,21,8,52, 57, 470, 1.89, 0.40
Kevin Love,MIA,55,924,485,158,359,44.0,84,244,34.4,85,108,78.7,59,279,338,115,18,10,48, 97, 694, 2.40, 0.38
Sam Merrill,CLE,61,1069,485,158,393,40.2,143,354,40.4,26,28,92.9,22,98,120,108,19,4,19, 72, 480, 5.68, 1.00
Dereck Lively II,DAL,55,1294,483,221,296,74.7,0,2,0.0,41,81,50.6,135,243,378,60,36,77,50, 144, 869, 1.20, 0.72
Draymond Green,GSW,55,1490,475,185,372,49.7,51,129,39.5,54,74,73.0,76,322,398,332,55,47,135, 166, 965, 2.46, 0.41
Josh Green,DAL,57,1505,469,179,374,47.9,72,187,38.5,39,57,68.4,40,144,184,130,47,9,60, 107, 566, 2.17, 0.78
Naji Marshall,NOP,66,1257,466,170,367,46.3,58,150,38.7,68,86,79.1,53,187,240,128,49,12,65, 91, 615, 1.97, 0.75
Amir Coffey,LAC,70,1461,463,166,352,47.2,70,184,38.0,61,71,85.9,29,119,148,76,41,14,33, 102, 513, 2.30, 1.24
Ochai Agbaji,TOR,78,1642,455,178,433,41.1,62,211,29.4,37,56,66.1,74,142,216,83,47,44,64, 117, 507, 1.30, 0.73
Patrick Beverley,MIL,73,1463,451,158,379,41.7,61,181,33.7,74,90,82.2,49,190,239,212,43,31,65, 128, 674, 3.26, 0.66
James Wiseman,DET,63,1091,446,187,305,61.3,0,2,0.0,72,102,70.6,110,226,336,54,12,39,66, 141, 673, 0.82, 0.18
Trendon Watford,BKN,63,857,432,164,311,52.7,27,68,39.7,77,97,79.4,52,142,194,81,23,19,63, 106, 519, 1.29, 0.36
Luke Kennard,MEM,39,999,429,141,315,44.8,107,238,45.0,40,45,88.9,11,102,113,136,20,2,54, 39, 467, 2.52, 0.37
Patrick Williams,CHI,43,1174,429,159,359,44.3,59,148,39.9,52,66,78.8,46,120,166,66,40,33,57, 87, 463, 1.16, 0.70
Dante Exum,DAL,55,1088,428,161,302,53.3,53,108,49.1,53,68,77.9,25,124,149,157,22,5,49, 85, 556, 3.20, 0.45
Pat Connaughton,MIL,76,1676,428,151,347,43.5,82,238,34.5,44,58,75.9,51,188,239,161,40,19,49, 99, 628, 3.29, 0.82
David Roddy,PHX,65,1177,425,165,409,40.3,48,164,29.3,47,68,69.1,53,158,211,80,27,11,57, 72, 432, 1.40, 0.47
Josh Richardson,MIA,43,1103,425,154,347,44.4,66,190,34.7,51,54,94.4,18,103,121,105,24,14,36, 76, 457, 2.92, 0.67
Vasilije Micic,CHA,60,1176,422,159,370,43.0,43,154,27.9,61,75,81.3,14,74,88,262,31,7,99, 68, 486, 2.65, 0.31
De'Anthony Melton,PHI,38,1023,421,139,360,38.6,77,214,36.0,66,79,83.5,28,113,141,114,60,16,39, 84, 479, 2.92, 1.54
Ziaire Williams,MEM,51,1038,420,150,378,39.7,58,189,30.7,62,75,82.7,35,145,180,75,36,9,66, 85, 413, 1.14, 0.55
Trey Lyles,SAC,58,1158,419,143,321,44.5,84,219,38.4,49,70,70.0,61,196,257,72,17,19,38, 86, 547, 1.90, 0.45
Day'Ron Sharpe,BKN,61,921,415,168,294,57.1,4,15,26.7,75,123,61.0,161,228,389,85,24,44,70, 131, 713, 1.21, 0.34
Haywood Highsmith,MIA,66,1366,405,153,329,46.5,76,192,39.6,23,36,63.9,65,145,210,70,53,30,34, 117, 545, 2.06, 1.56
Jose Alvarado,NOP,56,1028,397,142,345,41.2,78,207,37.7,35,52,67.3,25,103,128,117,59,15,40, 89, 456, 2.92, 1.48
Jonathan Isaac,ORL,58,915,393,146,286,51.0,42,112,37.5,59,82,72.0,73,187,260,30,43,70,27, 64, 606, 1.11, 1.59
Isaiah Jackson,IND,60,771,383,155,233,66.5,0,4,0.0,73,102,71.6,94,144,238,50,34,61,39, 137, 620, 1.28, 0.87
Tre Mann,CHA,41,987,382,145,316,45.9,47,126,37.3,45,59,76.3,20,129,149,165,51,3,65, 48, 500, 2.54, 0.79
Malachi Flynn,DET,69,877,380,136,325,41.8,56,169,33.1,52,71,73.2,21,93,114,130,38,8,63, 66, 399, 2.06, 0.60
Davion Mitchell,SAC,72,1101,379,146,323,45.2,57,158,36.1,30,42,71.4,19,76,95,134,17,3,43, 85, 396, 3.12, 0.40
Drew Eubanks,PHX,75,1169,379,152,253,60.1,3,3,100,72,93,77.4,103,219,322,63,27,61,61, 115, 669, 1.03, 0.44
Jake LaRavia,MEM,35,806,379,118,303,38.9,53,156,34.0,90,109,82.6,51,77,128,58,29,12,45, 69, 357, 1.29, 0.64
Daniel Theis,LAC,60,1015,376,156,293,53.2,26,71,36.6,38,50,76.0,85,159,244,61,21,51,42, 127, 562, 1.45, 0.50
Kris Murray,POR,62,1348,376,145,366,39.6,49,183,26.8,37,56,66.1,85,139,224,80,53,21,55, 92, 459, 1.46, 0.96
Gary Harris,ORL,54,1297,372,131,297,44.1,76,205,37.1,34,45,75.6,24,67,91,87,49,14,31, 91, 405, 2.81, 1.58
Dennis Smith Jr.,BKN,56,1059,369,147,338,43.5,32,109,29.4,43,58,74.1,50,114,164,203,68,12,68, 121, 542, 2.98, 1.00
Jordan Goodwin,MEM,57,1056,368,141,382,36.9,42,141,29.8,44,59,74.6,88,165,253,155,48,18,56, 76, 530, 2.77, 0.86
Jordan Nwora,TOR,52,711,364,138,299,46.2,44,131,33.6,44,53,83.0,28,121,149,62,26,13,53, 48, 391, 1.17, 0.49
Quentin Grimes,DET,51,1025,359,122,328,37.2,81,240,33.8,34,45,75.6,15,85,100,66,35,7,28, 75, 322, 2.36, 1.25
Jevon Carter,CHI,72,1004,357,138,365,37.8,77,234,32.9,4,7,57.1,11,49,60,94,37,16,36, 71, 298, 2.61, 1.03
Kris Dunn,UTA,66,1249,357,147,313,47.0,41,111,36.9,22,32,68.8,50,139,189,254,68,28,79, 135, 641, 3.21, 0.86
Dyson Daniels,NOP,61,1359,354,139,311,44.7,42,135,31.1,34,53,64.2,62,174,236,164,85,25,59, 101, 614, 2.78, 1.44
Matisse Thybulle,POR,65,1487,354,126,317,39.7,80,231,34.6,22,29,75.9,30,106,136,90,113,49,40, 93, 504, 2.25, 2.83
Nikola Jovic,MIA,46,896,352,127,281,45.2,65,163,39.9,33,47,70.2,25,167,192,90,25,14,42, 82, 463, 2.14, 0.59
Doug McDermott,IND,64,904,351,123,284,43.3,94,229,41.0,11,19,57.9,10,49,59,70,16,2,28, 64, 301, 2.50, 0.57
Larry Nance Jr.,NOP,61,1216,350,138,241,57.3,27,65,41.5,47,61,77.0,94,213,307,113,61,19,49, 98, 684, 2.31, 1.25
Christian Wood,LAL,50,872,347,123,264,46.6,35,114,30.7,66,94,70.2,39,215,254,49,16,33,50, 72, 480, 0.98, 0.32
Markelle Fultz,ORL,43,910,335,154,326,47.2,4,18,22.2,23,33,69.7,56,82,138,120,42,15,50, 65, 418, 2.40, 0.84
Kevon Looney,GSW,74,1194,334,139,233,59.7,0,1,0.0,56,83,67.5,143,276,419,133,28,29,50, 155, 772, 2.66, 0.56
Luke Kornet,BOS,63,983,334,142,203,70.0,1,1,100,49,54,90.7,118,143,261,67,23,61,21, 77, 659, 3.19, 1.09
Chimezie Metu,DET,51,859,332,123,244,50.4,28,94,29.8,58,64,90.6,41,153,194,46,43,16,52, 71, 452, 0.89, 0.83
Landry Shamet,WAS,46,727,327,118,274,43.1,53,157,33.8,38,46,82.6,16,46,62,54,25,10,30, 76, 284, 1.80, 0.83
Garrison Mathews,ATL,66,992,325,103,226,45.6,85,193,44.0,34,42,81.0,17,75,92,37,20,8,19, 115, 332, 1.95, 1.05
Kenrich Williams,OKC,69,1029,325,131,280,46.8,56,141,39.7,7,14,50.0,61,148,209,93,38,9,32, 101, 486, 2.91, 1.19
Chris Boucher,TOR,50,705,322,110,217,50.7,31,94,33.0,71,92,77.2,62,145,207,23,14,24,28, 68, 434, 0.82, 0.50
Nicolas Batum,PHI,60,1530,320,116,256,45.3,73,185,39.5,15,21,71.4,70,178,248,128,48,38,40, 109, 596, 3.20, 1.20
Anthony Black,ORL,69,1164,316,115,247,46.6,37,94,39.4,49,80,61.3,33,106,139,91,35,21,56, 110, 383, 1.63, 0.63
Marcus Morris Sr.,CLE,49,817,316,116,264,43.9,48,119,40.3,36,44,81.8,23,111,134,36,15,13,30, 74, 328, 1.20, 0.50
Jae Crowder,MIL,50,1156,312,114,270,42.2,58,166,34.9,26,36,72.2,31,130,161,66,38,9,23, 74, 397, 2.87, 1.65
Goga Bitadze,ORL,62,957,311,126,209,60.3,2,14,14.3,57,87,65.5,109,177,286,79,32,72,44, 107, 623, 1.79, 0.73
Keon Ellis,SAC,57,979,310,107,232,46.1,70,168,41.7,26,35,74.3,32,92,124,85,51,29,37, 112, 428, 2.30, 1.38
Jaxson Hayes,LAL,70,877,303,126,175,72.0,0,8,0.0,51,82,62.2,69,142,211,33,34,29,43, 123, 487, 0.77, 0.79
Torrey Craig,CHI,53,1049,303,108,251,43.0,60,153,39.2,27,36,75.0,69,148,217,58,30,21,32, 110, 445, 1.81, 0.94
Bryce McGowens,CHA,59,882,302,101,230,43.9,34,102,33.3,66,85,77.6,17,85,102,51,21,10,30, 74, 308, 1.70, 0.70
Nick Smith Jr.,CHA,51,729,302,113,289,39.1,63,146,43.2,13,15,86.7,18,54,72,59,10,7,39, 55, 233, 1.51, 0.26
Joe Ingles,ORL,68,1169,296,99,227,43.6,70,161,43.5,28,34,82.4,18,124,142,203,43,5,67, 88, 488, 3.03, 0.64
Taylor Hendricks,UTA,40,856,292,108,240,45.0,53,140,37.9,23,29,79.3,46,139,185,32,28,30,27, 77, 402, 1.19, 1.04
Dean Wade,CLE,54,1108,291,96,232,41.4,79,202,39.1,20,26,76.9,37,181,218,43,40,25,20, 93, 455, 2.15, 2.00
Davis Bertans,CHA,43,674,290,92,234,39.3,76,200,38.0,30,33,90.9,9,52,61,35,26,12,18, 56, 261, 1.94, 1.44
Killian Hayes,DET,42,1008,289,117,283,41.3,22,74,29.7,33,50,66.0,11,108,119,205,36,20,51, 75, 435, 4.02, 0.71
Marcus Smart,MEM,20,605,289,102,237,43.0,42,134,31.3,43,56,76.8,6,47,53,86,41,5,62, 53, 264, 1.39, 0.66
Craig Porter Jr.,CLE,51,649,285,116,228,50.9,12,34,35.3,41,56,73.2,21,88,109,118,21,15,45, 40, 376, 2.62, 0.47
Max Christie,LAL,67,944,284,103,241,42.7,42,118,35.6,36,46,78.3,15,127,142,60,20,17,35, 57, 340, 1.71, 0.57
Xavier Tillman,BOS,54,975,284,121,279,43.4,20,81,24.7,22,50,44.0,70,141,211,77,51,44,34, 75, 447, 2.27, 1.50
Bruno Fernando,ATL,45,682,282,109,187,58.3,0,4,0.0,64,96,66.7,59,134,193,46,25,28,44, 107, 420, 1.04, 0.57
Danilo Gallinari,MIL,49,629,280,83,190,43.7,30,93,32.3,84,98,85.7,20,88,108,55,14,6,23, 50, 319, 2.39, 0.61
Josh Okogie,PHX,60,960,277,86,206,41.7,29,94,30.9,76,102,74.5,74,80,154,64,48,24,36, 68, 385, 1.78, 1.33
Jaylin Williams,OKC,69,897,276,95,228,41.7,53,144,36.8,33,41,80.5,36,198,234,110,28,27,34, 98, 500, 3.23, 0.82
Jock Landale,HOU,56,764,274,106,206,51.5,10,40,25.0,52,65,80.0,88,84,172,65,20,33,31, 74, 420, 2.10, 0.65
Lamar Stevens,MEM,38,559,272,108,240,45.0,14,46,30.4,42,54,77.8,36,91,127,28,23,22,24, 45, 304, 1.17, 0.96
Scotty Pippen Jr.,MEM,21,527,271,100,203,49.3,30,72,41.7,41,55,74.5,22,45,67,98,36,10,56, 60, 309, 1.75, 0.64
Blake Wesley,SAS,61,876,268,102,215,47.4,12,55,21.8,52,78,66.7,18,76,94,166,29,9,55, 89, 372, 3.02, 0.53
Jae'Sean Tate,HOU,65,1031,265,108,229,47.2,23,77,29.9,26,39,66.7,61,136,197,64,42,15,37, 137, 412, 1.73, 1.14
Cam Reddish,LAL,48,984,260,91,234,38.9,37,110,33.6,41,54,75.9,27,72,99,48,47,14,31, 64, 281, 1.55, 1.52
Bones Hyland,LAC,37,540,256,97,251,38.6,44,135,32.6,18,23,78.3,5,50,55,93,26,4,44, 51, 231, 2.11, 0.59
Caleb Houstan,ORL,59,815,253,80,206,38.8,72,193,37.3,21,26,80.8,28,56,84,29,15,4,16, 61, 238, 1.81, 0.94
Mo Bamba,PHI,57,740,253,97,198,49.0,25,64,39.1,34,50,68.0,77,161,238,41,22,60,39, 101, 458, 1.05, 0.56
AJ Green,MIL,56,614,252,83,196,42.3,69,169,40.8,17,19,89.5,9,55,64,30,9,4,12, 49, 232, 2.50, 0.75
Ben Sheppard,IND,57,814,252,90,229,39.3,49,156,31.4,23,26,88.5,15,74,89,53,33,2,15, 88, 272, 3.53, 2.20
Jared Butler,WAS,40,566,251,98,201,48.8,24,78,30.8,31,36,86.1,9,49,58,126,29,8,50, 58, 314, 2.52, 0.58
Troy Brown Jr.,DET,59,827,247,84,226,37.2,47,141,33.3,32,37,86.5,25,119,144,60,24,3,30, 42, 301, 2.00, 0.80
Mason Plumlee,LAC,46,674,244,87,153,56.9,0,6,0.0,70,99,70.7,60,174,234,55,14,17,36, 68, 433, 1.53, 0.39
Mark Williams,CHA,19,508,242,98,151,64.9,0,0,0.0,46,64,71.9,76,108,184,22,16,20,17, 50, 396, 1.29, 0.94
Brice Sensabaugh,UTA,32,584,241,85,218,39.0,34,115,29.6,37,41,90.2,16,86,102,55,13,6,47, 43, 233, 1.17, 0.28
Gary Payton II,GSW,44,680,240,103,183,56.3,20,55,36.4,14,23,60.9,46,67,113,48,39,18,27, 77, 342, 1.78, 1.44
John Konchar,MEM,55,1174,235,88,208,42.3,38,120,31.7,21,25,84.0,72,185,257,110,51,51,46, 76, 534, 2.39, 1.11
Justin Holiday,DEN,58,862,234,88,194,45.4,55,136,40.4,3,4,75.0,9,62,71,67,36,9,14, 69, 296, 4.79, 2.57
Chris Duarte,SAC,59,720,230,80,210,38.1,44,127,34.6,26,33,78.8,26,80,106,44,28,8,26, 80, 253, 1.69, 1.08
Julian Strawther,DEN,50,545,227,82,222,36.9,41,138,29.7,22,31,71.0,5,56,61,47,17,7,23, 54, 187, 2.04, 0.74
Ja Morant,MEM,9,318,226,80,170,47.1,14,51,27.5,52,64,81.3,6,44,50,73,7,5,27, 19, 232, 2.70, 0.26
Seth Curry,CHA,44,615,226,80,204,39.2,38,108,35.2,28,31,90.3,18,50,68,44,22,6,21, 39, 218, 2.10, 1.05
Sasha Vezenkov,SAC,42,511,225,84,191,44.0,45,120,37.5,12,15,80.0,30,66,96,19,20,7,12, 42, 245, 1.58, 1.67
KJ Martin,PHI,60,747,224,97,181,53.6,8,28,28.6,22,41,53.7,41,90,131,51,22,12,32, 100, 305, 1.59, 0.69
Bol Bol,PHX,43,469,223,93,151,61.6,22,52,42.3,15,19,78.9,32,105,137,17,10,25,19, 42, 331, 0.90, 0.53
Kevin Knox II,DET,31,560,223,86,186,46.2,31,94,33.0,20,22,90.9,18,57,75,23,13,7,22, 50, 217, 1.04, 0.59
Omer Yurtseven,UTA,48,545,222,99,184,53.8,5,24,20.8,19,28,67.9,72,136,208,29,8,18,37, 52, 354, 0.78, 0.22
Evan Fournier,DET,32,580,220,79,221,35.7,33,130,25.4,29,36,80.6,5,53,58,48,29,7,21, 48, 192, 2.29, 1.38
Thomas Bryant,MIA,38,441,217,86,149,57.7,4,22,18.2,41,47,87.2,40,101,141,23,10,16,21, 46, 317, 1.09, 0.48
Shake Milton,NYK,48,581,216,79,195,40.5,18,64,28.1,40,49,81.6,14,61,75,60,19,6,31, 54, 220, 1.94, 0.61
Tari Eason,HOU,22,480,215,88,189,46.6,18,50,36.0,21,33,63.6,46,107,153,27,31,19,20, 51, 312, 1.35, 1.55
Jalen Wilson,BKN,43,665,214,76,179,42.5,24,74,32.4,38,46,82.6,47,84,131,45,11,4,19, 48, 275, 2.37, 0.58
Cody Martin,CHA,28,753,211,82,215,38.1,27,86,31.4,20,33,60.6,19,90,109,104,32,18,44, 48, 284, 2.36, 0.73
MarJon Beauchamp,MIL,48,608,211,81,166,48.8,30,75,40.0,19,28,67.9,22,77,99,31,13,7,27, 54, 240, 1.15, 0.48
Delon Wright,MIA,47,742,210,74,188,39.4,25,68,36.8,37,45,82.2,19,67,86,119,54,11,14, 32, 344, 8.50, 3.86
Dwight Powell,DAL,63,836,208,72,106,67.9,1,3,33.3,63,89,70.8,97,117,214,84,26,20,32, 113, 460, 2.63, 0.81
Eugene Omoruyi,WAS,43,393,207,81,167,48.5,13,46,28.3,32,49,65.3,35,50,85,35,27,5,21, 62, 235, 1.67, 1.29
Oshae Brissett,BOS,55,630,201,68,153,44.4,15,55,27.3,50,83,60.2,61,99,160,44,19,8,20, 54, 294, 2.20, 0.95
JT Thor,CHA,63,781,199,80,183,43.7,28,81,34.6,11,20,55.0,43,103,146,29,11,27,15, 60, 285, 1.93, 0.73
Richaun Holmes,WAS,40,554,199,82,147,55.8,1,3,33.3,34,47,72.3,71,111,182,25,11,19,24, 74, 334, 1.04, 0.46
Keita Bates-Diop,BKN,53,665,197,72,166,43.4,21,69,30.4,32,42,76.2,31,79,110,38,25,22,15, 35, 273, 2.53, 1.67
Jordan McLaughlin,MIN,56,626,195,70,145,48.3,42,89,47.2,13,18,72.2,18,54,72,110,35,7,19, 31, 320, 5.79, 1.84
Derrick Rose,MEM,24,399,191,76,165,46.1,15,41,36.6,24,27,88.9,7,38,45,78,8,2,31, 21, 201, 2.52, 0.26
Maxi Kleber,DAL,43,871,191,63,146,43.2,32,92,34.8,33,47,70.2,30,113,143,68,17,30,28, 79, 324, 2.43, 0.61
Sandro Mamukelashvili,SAS,46,451,190,73,155,47.1,19,64,29.7,25,34,73.5,45,102,147,49,7,12,19, 35, 295, 2.58, 0.37
Anthony Gill,WAS,50,466,189,75,160,46.9,10,41,24.4,29,36,80.6,37,57,94,34,13,11,23, 48, 226, 1.48, 0.56
Zeke Nnaji,DEN,58,576,186,69,149,46.3,6,23,26.1,42,62,67.7,61,65,126,32,15,38,27, 81, 270, 1.19, 0.56
JaVale McGee,SAC,46,339,185,79,132,59.8,1,7,14.3,26,45,57.8,42,84,126,17,14,20,34, 46, 256, 0.50, 0.41
Dalen Terry,CHI,59,681,180,69,157,43.9,17,74,23.0,25,43,58.1,29,84,113,81,27,18,32, 81, 281, 2.53, 0.84
Luka Samanic,UTA,43,404,177,60,158,38.0,13,64,20.3,44,56,78.6,22,80,102,19,5,7,28, 32, 172, 0.68, 0.18
Bismack Biyombo,OKC,40,791,174,74,131,56.5,0,0,0.0,26,54,48.1,62,147,209,53,11,37,42, 89, 357, 1.26, 0.26
Jacob Gilyard,BKN,41,698,173,60,150,40.0,51,126,40.5,2,2,100,9,37,46,137,33,5,30, 39, 274, 4.57, 1.10
Mitchell Robinson,NYK,31,768,173,73,127,57.5,0,0,0.0,27,66,40.9,142,121,263,18,37,35,25, 55, 408, 0.72, 1.48
Ricky Council IV,PHI,32,289,173,54,112,48.2,12,32,37.5,53,71,74.6,14,32,46,16,8,1,5, 17, 163, 3.20, 1.60
Trey Jemison,MEM,25,574,171,75,136,55.1,0,0,0.0,21,25,84.0,64,70,134,27,12,28,34, 69, 273, 0.79, 0.35
Jalen McDaniels,TOR,50,538,169,65,189,34.4,12,71,16.9,27,37,73.0,18,61,79,37,19,6,30, 52, 146, 1.23, 0.63
Patrick Baldwin Jr.,WAS,38,494,168,59,155,38.1,31,97,32.0,19,28,67.9,17,106,123,29,18,15,19, 56, 229, 1.53, 0.95
Brandon Boston Jr.,LAC,32,345,167,65,161,40.4,14,52,26.9,23,33,69.7,19,33,52,13,11,8,24, 40, 121, 0.54, 0.46
Lester Quinones,GSW,37,394,164,56,141,39.7,32,88,36.4,20,29,69.0,21,51,72,36,6,2,17, 44, 169, 2.12, 0.35
Monte Morris,MIN,33,476,164,62,153,40.5,27,70,38.6,13,19,68.4,7,50,57,69,19,9,7, 14, 214, 9.86, 2.71
Jaden Springer,BOS,49,507,163,59,148,39.9,10,48,20.8,35,42,83.3,33,45,78,44,36,15,34, 66, 206, 1.29, 1.06
Svi Mykhailiuk,BOS,41,413,162,57,137,41.6,42,108,38.9,6,9,66.7,11,40,51,35,11,1,12, 19, 165, 2.92, 0.92
Tristan Thompson,CLE,49,549,161,73,120,60.8,0,1,0.0,15,52,28.8,73,101,174,51,12,14,29, 59, 299, 1.76, 0.41
Mike Muscala,OKC,53,600,157,56,156,35.9,28,96,29.2,17,25,68.0,39,86,125,36,9,13,22, 52, 210, 1.64, 0.41
Rayan Rupert,POR,39,633,155,54,161,33.5,28,78,35.9,19,25,76.0,24,68,92,62,12,3,31, 56, 180, 2.00, 0.39
Skylar Mays,LAL,38,433,155,63,159,39.6,16,54,29.6,13,17,76.5,10,33,43,85,21,4,20, 26, 188, 4.25, 1.05
Neemias Queta,BOS,28,333,154,67,104,64.4,0,0,0.0,20,28,71.4,53,69,122,20,13,21,13, 50, 272, 1.54, 1.00
Javon Freeman-Liberty,TOR,22,403,153,55,124,44.4,10,42,23.8,33,36,91.7,16,54,70,40,10,4,25, 28, 180, 1.60, 0.40
Johnny Davis,WAS,50,614,152,62,154,40.3,14,40,35.0,14,24,58.3,18,54,72,32,18,10,13, 57, 169, 2.46, 1.39
Matt Ryan,NOP,28,390,152,49,113,43.4,41,91,45.1,13,14,92.9,6,34,40,18,6,1,19, 32, 133, 0.95, 0.32
Nassir Little,PHX,45,458,152,57,124,46.0,21,70,30.0,17,20,85.0,14,61,75,21,10,10,14, 39, 184, 1.50, 0.71
Jarred Vanderbilt,LAL,29,581,150,59,114,51.8,8,27,29.6,24,36,66.7,41,97,138,36,36,5,28, 43, 270, 1.29, 1.29
Aleksej Pokusevski,CHA,28,405,146,49,121,40.5,18,55,32.7,30,41,73.2,17,72,89,35,15,13,19, 22, 196, 1.84, 0.79
Danuel House Jr.,PHI,34,509,144,47,105,44.8,15,50,30.0,35,46,76.1,16,42,58,28,15,5,19, 45, 162, 1.47, 0.79
Dominick Barlow,SAS,33,420,144,56,113,49.6,3,9,33.3,29,42,69.0,45,68,113,36,12,14,9, 47, 240, 4.00, 1.33
Johnny Juzang,UTA,20,372,144,51,110,46.4,32,77,41.6,10,14,71.4,7,29,36,23,4,2,13, 29, 133, 1.77, 0.31
DeAndre Jordan,DEN,36,396,142,58,93,62.4,0,0,0.0,26,53,49.1,54,103,157,26,6,16,23, 56, 262, 1.13, 0.26
Ish Smith,CHA,43,741,139,66,158,41.8,4,8,50.0,3,4,75.0,11,65,76,145,17,4,47, 49, 241, 3.08, 0.36
Lindy Waters III,OKC,38,280,137,49,104,47.1,37,85,43.5,2,2,100,7,33,40,24,5,7,7, 23, 151, 3.43, 0.71
Thaddeus Young,PHX,33,440,137,65,108,60.2,1,7,14.3,6,15,40.0,46,57,103,57,23,5,15, 49, 258, 3.80, 1.53
A.J. Lawson,DAL,42,311,136,54,121,44.6,13,50,26.0,15,23,65.2,14,36,50,20,10,3,14, 22, 130, 1.43, 0.71
Vit Krejci,ATL,22,541,135,51,104,49.0,28,68,41.2,5,6,83.3,11,41,52,50,13,6,20, 48, 182, 2.50, 0.65
Noah Clowney,BKN,23,370,133,50,93,53.8,12,33,36.4,21,30,70.0,26,55,81,18,8,16,15, 25, 189, 1.20, 0.53
Ousmane Dieng,OKC,33,365,133,49,116,42.2,21,70,30.0,14,16,87.5,10,41,51,37,8,5,19, 22, 146, 1.95, 0.42
Patty Mills,MIA,32,415,127,46,131,35.1,24,87,27.6,11,11,100,9,26,35,34,20,1,16, 32, 116, 2.13, 1.25
Robert Covington,PHI,29,488,127,43,98,43.9,19,56,33.9,22,26,84.6,31,66,97,24,39,18,11, 56, 235, 2.18, 3.54
Stanley Umude,DET,24,307,127,37,84,44.0,24,53,45.3,29,32,90.6,8,43,51,11,8,7,14, 40, 140, 0.79, 0.57
Andre Jackson Jr.,MIL,57,572,125,50,100,50.0,17,46,37.0,8,11,72.7,43,70,113,50,16,6,28, 92, 229, 1.79, 0.57
Olivier-Maxence Prosper,DAL,40,336,121,40,104,38.5,13,45,28.9,28,41,68.3,25,54,79,22,7,4,8, 20, 148, 2.75, 0.88
Alex Len,SAC,48,444,120,50,81,61.7,0,3,0.0,20,34,58.8,46,82,128,50,11,33,27, 66, 270, 1.85, 0.41
Jarace Walker,IND,33,340,120,45,110,40.9,22,55,40.0,8,9,88.9,12,51,63,40,15,11,17, 29, 166, 2.35, 0.88
Yuta Watanabe,MEM,34,464,117,41,116,35.3,25,85,29.4,10,17,58.8,11,43,54,15,12,7,19, 39, 104, 0.79, 0.63
Jeremiah Robinson-Earl,NOP,39,334,115,45,95,47.4,13,39,33.3,12,16,75.0,23,53,76,21,10,4,16, 24, 156, 1.31, 0.63
Jontay Porter,TOR,26,360,115,40,104,38.5,20,60,33.3,15,18,83.3,26,56,82,60,20,20,21, 35, 209, 2.86, 0.95
Devonte' Graham,SAS,23,313,114,38,108,35.2,25,83,30.1,13,16,81.3,5,31,36,49,9,2,17, 14, 120, 2.88, 0.53
Isaiah Livers,DET,23,469,114,40,116,34.5,22,77,28.6,12,18,66.7,15,33,48,25,13,5,16, 43, 107, 1.56, 0.81
Javonte Green,CHI,9,230,110,45,75,60.0,10,27,37.0,10,13,76.9,20,47,67,5,10,8,7, 19, 160, 0.71, 1.43
Wesley Matthews,ATL,36,413,110,34,97,35.1,24,69,34.8,18,24,75.0,9,44,53,23,16,11,8, 43, 136, 2.88, 2.00
Chuma Okeke,ORL,47,432,107,40,112,35.7,23,82,28.0,4,7,57.1,18,62,80,20,9,7,16, 19, 132, 1.25, 0.56
Damian Jones,CLE,39,270,107,43,72,59.7,3,14,21.4,18,21,85.7,20,42,62,15,7,13,13, 27, 159, 1.15, 0.54
Tosan Evbuomwan,DET,17,367,101,36,71,50.7,12,32,37.5,17,25,68.0,18,42,60,16,6,5,9, 23, 136, 1.78, 0.67
Luka Garza,MIN,25,122,99,36,75,48.0,9,32,28.1,18,25,72.0,19,12,31,4,4,1,6, 24, 87, 0.67, 0.67
Orlando Robinson,MIA,36,304,99,36,72,50.0,8,15,53.3,19,25,76.0,28,56,84,34,7,8,18, 35, 172, 1.89, 0.39
Jamal Cain,MIA,26,259,97,34,79,43.0,11,31,35.5,18,23,78.3,15,22,37,10,10,5,8, 22, 101, 1.25, 1.25
Kenneth Lofton Jr.,UTA,21,198,96,36,78,46.2,7,24,29.2,17,26,65.4,12,26,38,33,6,5,14, 24, 113, 2.36, 0.43
Reggie Bullock Jr.,HOU,44,417,96,34,82,41.5,27,67,40.3,1,1,100,6,67,73,15,12,5,10, 29, 143, 1.50, 1.20
Kessler Edwards,SAC,54,275,93,34,82,41.5,20,52,38.5,5,9,55.6,9,33,42,15,10,4,4, 26, 108, 3.75, 2.50
Ben Simmons,BKN,15,359,92,43,74,58.1,0,0,0.0,6,15,40.0,31,88,119,86,12,9,27, 36, 251, 3.19, 0.44
Jericho Sims,NYK,45,585,92,38,55,69.1,0,0,0.0,16,24,66.7,56,91,147,25,8,19,16, 45, 250, 1.56, 0.50
Julian Phillips,CHI,40,323,89,32,77,41.6,12,38,31.6,13,19,68.4,12,24,36,13,7,7,10, 40, 91, 1.30, 0.70
Justin Champagnie,WAS,15,235,89,32,78,41.0,13,45,28.9,12,15,80.0,19,34,53,19,10,9,10, 14, 121, 1.90, 1.00
Kira Lewis Jr.,UTA,28,264,89,34,92,37.0,4,33,12.1,17,20,85.0,9,17,26,37,9,2,14, 13, 88, 2.64, 0.64
Kobe Brown,LAC,44,394,89,37,90,41.1,14,48,29.2,1,2,50.0,20,42,62,25,12,6,9, 49, 131, 2.78, 1.33
Furkan Korkmaz,PHI,35,300,88,30,76,39.5,14,40,35.0,14,20,70.0,4,26,30,25,14,3,10, 17, 98, 2.50, 1.40
Garrett Temple,TOR,27,289,88,29,78,37.2,12,40,30.0,18,22,81.8,18,27,45,28,12,3,14, 28, 109, 2.00, 0.86
Collin Gillespie,DEN,24,225,87,32,69,46.4,15,38,39.5,8,12,66.7,1,20,21,27,13,0,14, 24, 93, 1.93, 0.93
Tristan Vukcevic,WAS,10,153,85,29,67,43.3,10,36,27.8,17,22,77.3,6,30,36,13,5,7,10, 28, 93, 1.30, 0.50
Jared Rhoden,DET,17,245,83,33,66,50.0,12,31,38.7,5,8,62.5,3,30,33,14,3,13,7, 28, 103, 2.00, 0.43
Trent Forrest,ATL,38,414,83,34,90,37.8,2,10,20.0,13,17,76.5,11,40,51,92,11,3,20, 25, 160, 4.60, 0.55
Gui Santos,GSW,23,192,82,28,55,50.9,10,27,37.0,16,17,94.1,17,32,49,14,4,2,7, 23, 116, 2.00, 0.57
Jaylen Nowell,DET,13,214,81,34,78,43.6,6,29,20.7,7,9,77.8,6,18,24,19,4,2,7, 15, 77, 2.71, 0.57
Kobe Bufkin,ATL,17,196,81,34,92,37.0,9,40,22.5,4,8,50.0,6,27,33,27,7,5,10, 20, 81, 2.70, 0.70
Ashton Hagans,POR,19,316,80,29,71,40.8,8,25,32.0,14,17,82.4,14,31,45,54,11,9,30, 40, 124, 1.80, 0.37
Onuralp Bitim,CHI,23,268,80,32,84,38.1,12,44,27.3,4,5,80.0,6,26,32,13,3,2,10, 24, 67, 1.30, 0.30
Cody Zeller,NOP,43,320,76,26,62,41.9,1,3,33.3,23,38,60.5,48,64,112,39,9,5,16, 45, 174, 2.44, 0.56
Moses Brown,POR,22,200,75,33,65,50.8,0,0,0.0,9,31,29.0,37,49,86,7,5,7,11, 27, 115, 0.64, 0.46
Jules Bernard,WAS,19,149,74,29,64,45.3,11,29,37.9,5,9,55.6,10,16,26,16,3,1,8, 14, 73, 2.00, 0.38
Saben Lee,PHX,24,185,71,20,55,36.4,2,16,12.5,29,39,74.4,9,22,31,30,7,3,8, 13, 89, 3.75, 0.88
Leaky Black,CHA,26,284,69,25,52,48.1,9,20,45.0,10,15,66.7,9,39,48,24,8,11,6, 19, 122, 4.00, 1.33
Brandon Clarke,MEM,6,134,68,33,59,55.9,1,6,16.7,1,7,14.3,13,19,32,9,5,6,3, 8, 85, 3.00, 1.67
Markieff Morris,DAL,26,216,66,23,68,33.8,15,42,35.7,5,6,83.3,4,35,39,16,5,3,12, 12, 71, 1.33, 0.42
Colby Jones,SAC,30,192,64,28,71,39.4,2,22,9.1,6,11,54.5,17,23,40,20,7,5,10, 29, 78, 2.00, 0.70
Charles Bassey,SAS,19,205,63,29,40,72.5,0,1,0.0,5,6,83.3,23,53,76,21,8,17,15, 31, 158, 1.40, 0.53
Cory Joseph,GSW,26,296,63,23,64,35.9,13,42,31.0,4,7,57.1,6,24,30,42,4,3,12, 25, 86, 3.50, 0.33
Nate Williams,HOU,22,129,63,27,50,54.0,2,5,40.0,7,13,53.8,12,11,23,7,4,1,4, 10, 65, 1.75, 1.00
Justin Minaya,POR,34,381,61,22,74,29.7,12,49,24.5,5,9,55.6,30,26,56,21,9,10,9, 35, 92, 2.33, 1.00
Theo Maledon,PHX,17,213,59,20,70,28.6,5,30,16.7,14,15,93.3,4,20,24,28,7,0,18, 21, 49, 1.56, 0.39
Harry Giles III,LAL,23,100,56,23,50,46.0,3,14,21.4,7,13,53.8,12,18,30,6,2,3,6, 15, 58, 1.00, 0.33
Brandon Williams,DAL,17,113,54,20,54,37.0,3,15,20.0,11,17,64.7,4,9,13,17,1,1,7, 4, 39, 2.43, 0.14
Micah Potter,UTA,16,186,53,19,40,47.5,9,21,42.9,6,8,75.0,10,33,43,6,4,6,5, 14, 84, 1.20, 0.80
Jeff Dowtin Jr.,PHI,12,142,52,20,36,55.6,9,19,47.4,3,4,75.0,3,17,20,27,7,1,5, 1, 85, 5.40, 1.40
P.J. Tucker,LAC,31,486,52,18,50,36.0,13,35,37.1,3,3,100,28,57,85,16,16,7,8, 54, 136, 2.00, 2.00
Terquavion Smith,PHI,16,85,52,18,46,39.1,13,35,37.1,3,5,60.0,0,4,4,12,8,0,7, 8, 39, 1.71, 1.14
James Bouknight,CHA,14,81,50,18,41,43.9,13,30,43.3,1,2,50.0,1,8,9,6,1,1,2, 3, 41, 3.00, 0.50
Josh Minott,MIN,32,91,50,17,36,47.2,4,10,40.0,12,14,85.7,4,13,17,8,5,5,2, 10, 62, 4.00, 2.50
AJ Griffin,ATL,20,171,48,18,62,29.0,10,39,25.6,2,2,100,2,16,18,5,1,2,8, 6, 22, 0.63, 0.13
Darius Bazley,UTA,9,152,48,18,30,60.0,2,8,25.0,10,12,83.3,8,20,28,7,6,7,8, 3, 74, 0.88, 0.75
Maozinha Pereira,MEM,7,122,48,18,35,51.4,5,13,38.5,7,10,70.0,11,26,37,2,6,4,5, 10, 72, 0.40, 1.20
Jahmi'us Ramsey,TOR,7,121,47,18,41,43.9,6,22,27.3,5,6,83.3,4,18,22,8,7,0,7, 10, 53, 1.14, 1.00
Terry Taylor,CHI,31,188,46,20,39,51.3,2,9,22.2,4,5,80.0,17,20,37,10,5,2,7, 17, 73, 1.43, 0.71
Boban Marjanovic,HOU,14,71,45,18,34,52.9,0,2,0.0,9,14,64.3,7,25,32,6,1,2,5, 5, 60, 1.20, 0.20
Sidy Cissoko,SAS,12,141,45,16,33,48.5,1,12,8.3,12,15,80.0,8,14,22,10,7,3,3, 18, 64, 3.33, 2.33
Ryan Rollins,MIL,13,78,44,14,27,51.9,3,4,75.0,13,17,76.5,2,11,13,14,10,3,8, 8, 59, 1.75, 1.25
DeJon Jarreau,MEM,9,150,43,17,50,34.0,4,13,30.8,5,11,45.5,8,36,44,26,6,2,9, 14, 73, 2.89, 0.67
Dylan Windler,ATL,17,108,43,15,30,50.0,13,27,48.1,0,0,0.0,3,13,16,10,2,0,2, 6, 54, 5.00, 1.00
Armoni Brooks,BKN,10,104,42,15,46,32.6,11,32,34.4,1,2,50.0,7,11,18,5,1,1,3, 3, 32, 1.67, 0.33
Cole Swider,MIA,18,87,42,15,38,39.5,10,30,33.3,2,2,100,1,6,7,5,1,1,8, 4, 25, 0.63, 0.13
Jalen Pickett,DEN,27,122,42,15,35,42.9,9,25,36.0,3,4,75.0,1,13,14,21,4,0,9, 13, 51, 2.33, 0.44
Zavier Simpson,MEM,7,161,42,17,54,31.5,5,17,29.4,3,4,75.0,4,16,20,25,7,3,10, 11, 49, 2.50, 0.70
Emoni Bates,CLE,15,133,41,15,49,30.6,10,33,30.3,1,4,25.0,1,13,14,10,1,2,8, 5, 23, 1.25, 0.13
Robert Williams III,POR,6,119,41,17,26,65.4,0,0,0.0,7,9,77.8,11,27,38,5,7,7,7, 17, 80, 0.71, 1.00
T.J. Warren,MIN,11,125,41,18,41,43.9,2,13,15.4,3,4,75.0,5,17,22,9,4,1,4, 11, 49, 2.25, 1.00
Trevelin Queen,ORL,14,165,40,14,38,36.8,3,17,17.6,9,12,75.0,3,17,20,18,7,5,7, 15, 56, 2.57, 1.00
Dru Smith,MIA,9,131,39,15,33,45.5,7,17,41.2,2,2,100,6,8,14,14,9,3,5, 12, 56, 2.80, 1.80
Joe Harris,DET,16,170,39,14,39,35.9,10,30,33.3,1,2,50.0,3,10,13,10,3,2,4, 19, 37, 2.50, 0.75
Otto Porter Jr.,TOR,15,174,39,14,33,42.4,8,23,34.8,3,3,100,6,23,29,8,5,5,2, 19, 65, 4.00, 2.50
Marques Bolden,CHA,11,121,37,17,25,68.0,0,1,0.0,3,4,75.0,10,24,34,4,3,7,3, 10, 73, 1.33, 1.00
Adama Sanogo,CHI,9,66,36,14,27,51.9,0,0,0.0,8,12,66.7,19,17,36,0,1,0,5, 5, 51, 0.00, 0.20
Udoka Azubuike,PHX,16,113,35,16,23,69.6,0,0,0.0,3,13,23.1,11,21,32,3,1,6,4, 17, 56, 0.75, 0.25
Buddy Boeheim,DET,10,84,34,9,29,31.0,8,25,32.0,8,10,80.0,3,7,10,3,0,1,0, 5, 26, 0.00, 0.00
Gabe Vincent,LAL,11,218,34,15,49,30.6,3,28,10.7,1,2,50.0,4,5,9,21,9,0,5, 19, 33, 4.20, 1.80
Ibou Badji,POR,22,226,34,14,22,63.6,0,0,0.0,6,12,50.0,20,31,51,13,3,20,15, 46, 92, 0.87, 0.20
Jalen Hood-Schifino,LAL,21,109,34,10,45,22.2,2,15,13.3,12,20,60.0,2,11,13,8,3,2,9, 13, 8, 0.89, 0.33
Olivier Sarr,OKC,15,98,34,11,19,57.9,2,6,33.3,10,15,66.7,10,26,36,2,0,7,3, 18, 63, 0.67, 0.00
Taj Gibson,DET,20,204,34,15,37,40.5,2,10,20.0,2,2,100,12,25,37,11,3,7,5, 31, 65, 2.20, 0.60
Nate Hinton,HOU,15,75,33,11,26,42.3,7,14,50.0,4,5,80.0,7,15,22,10,3,2,3, 11, 51, 3.33, 1.00
Nathan Mensah,CHA,25,307,33,12,28,42.9,0,0,0.0,9,12,75.0,29,36,65,9,6,14,14, 64, 94, 0.64, 0.43
Xavier Moon,LAC,14,119,33,15,46,32.6,2,17,11.8,1,2,50.0,8,10,18,21,3,3,5, 8, 41, 4.20, 0.60
Matt Hurt,MEM,8,113,32,12,34,35.3,5,20,25.0,3,3,100,9,7,16,4,3,3,2, 8, 34, 2.00, 1.50
Thanasis Antetokounmpo,MIL,34,155,32,16,30,53.3,0,1,0.0,0,2,0.0,7,6,13,17,7,4,14, 24, 43, 1.21, 0.50
Jerome Robinson,GSW,22,81,31,11,33,33.3,2,17,11.8,7,11,63.6,1,5,6,5,1,3,2, 5, 18, 2.50, 0.50
Keon Johnson,BKN,5,61,31,8,21,38.1,4,10,40.0,11,12,91.7,3,4,7,3,3,1,5, 5, 26, 0.60, 0.60
Jett Howard,ORL,18,67,29,10,30,33.3,7,25,28.0,2,4,50.0,1,6,7,6,2,2,3, 4, 21, 2.00, 0.67
Leonard Miller,MIN,17,52,29,13,20,65.0,2,5,40.0,1,2,50.0,5,15,20,8,2,1,1, 5, 51, 8.00, 2.00
Moussa Diabate,LAC,11,64,29,10,19,52.6,0,0,0.0,9,14,64.3,15,9,24,4,5,1,2, 4, 47, 2.00, 2.50
Daishen Nix,MIN,15,50,27,9,24,37.5,6,17,35.3,3,6,50.0,1,2,3,6,5,0,5, 2, 18, 1.20, 1.00
Admiral Schofield,ORL,23,84,26,10,26,38.5,6,16,37.5,0,2,0.0,3,14,17,7,1,0,5, 9, 28, 1.40, 0.20
Chris Livingston,MIL,21,91,26,11,22,50.0,1,5,20.0,3,4,75.0,3,18,21,5,2,0,5, 15, 37, 1.00, 0.40
David Duke Jr.,SAS,4,51,26,10,18,55.6,3,6,50.0,3,3,100,2,8,10,5,2,0,3, 4, 32, 1.67, 0.67
Mouhamadou Gueye,TOR,11,120,26,11,38,28.9,0,3,0.0,4,9,44.4,12,11,23,5,3,18,12, 15, 31, 0.42, 0.25
Oscar Tshiebwe,IND,8,42,26,10,20,50.0,0,0,0.0,6,8,75.0,8,8,16,2,2,1,0, 3, 35, 0.00, 0.00
Colin Castleton,LAL,16,59,24,9,16,56.3,0,0,0.0,6,6,100,6,6,12,3,2,0,3, 11, 31, 1.00, 0.67
Mouhamed Gueye,ATL,6,73,24,8,23,34.8,3,9,33.3,5,6,83.3,10,12,22,4,5,4,1, 13, 42, 4.00, 5.00
Amari Bailey,CHA,10,65,23,8,24,33.3,1,8,12.5,6,7,85.7,6,3,9,7,3,0,4, 2, 21, 1.75, 0.75
Isaiah Mobley,CLE,10,72,23,10,24,41.7,3,10,30.0,0,1,0.0,3,7,10,6,2,0,2, 6, 24, 3.00, 1.00
Ish Wainright,PHX,11,62,23,7,24,29.2,7,20,35.0,2,2,100,3,11,14,1,4,1,2, 8, 24, 0.50, 2.00
Jay Huff,DEN,20,49,23,9,15,60.0,3,9,33.3,2,2,100,2,9,11,2,2,3,1, 9, 34, 2.00, 2.00
RaiQuan Gray,SAS,3,39,23,10,17,58.8,3,7,42.9,0,0,0.0,2,5,7,6,1,1,1, 0, 30, 6.00, 1.00
Braxton Key,DEN,20,60,22,7,17,41.2,2,5,40.0,6,8,75.0,3,15,18,9,2,1,1, 5, 39, 9.00, 2.00
Dexter Dennis,DAL,4,30,22,10,19,52.6,1,8,12.5,1,3,33.3,1,8,9,4,0,1,3, 1, 22, 1.33, 0.00
Jamaree Bouyea,SAS,9,95,21,10,28,35.7,1,9,11.1,0,0,0.0,3,16,19,11,1,0,9, 10, 25, 1.22, 0.11
Kendall Brown,IND,15,63,21,8,15,53.3,0,2,0.0,5,8,62.5,3,2,5,5,0,0,2, 9, 19, 2.50, 0.00
Hunter Tyson,DEN,18,48,20,8,20,40.0,4,14,28.6,0,0,0.0,1,8,9,2,1,0,2, 10, 18, 1.00, 0.50
Jermaine Samuels Jr.,HOU,14,60,20,9,14,64.3,0,2,0.0,2,2,100,3,10,13,3,1,2,0, 5, 34, 0.00, 0.00
Kobi Simmons,TOR,4,67,20,9,21,42.9,2,8,25.0,0,0,0.0,1,6,7,12,6,2,1, 5, 34, 12.00, 6.00
Malik Williams,TOR,7,107,19,9,34,26.5,1,5,20.0,0,2,0.0,15,23,38,2,3,4,3, 15, 36, 0.67, 1.00
Robin Lopez,MIL,16,65,18,7,19,36.8,2,8,25.0,2,2,100,3,2,5,4,1,3,2, 7, 17, 2.00, 0.50
Taze Moore,POR,4,40,18,8,19,42.1,1,7,14.3,1,2,50.0,4,4,8,5,2,0,3, 4, 18, 1.67, 0.67
Wendell Moore Jr.,MIN,25,75,18,9,18,50.0,0,6,0.0,0,0,0.0,0,12,12,6,5,1,4, 5, 29, 1.50, 1.25
Wenyen Gabriel,MEM,5,81,17,8,22,36.4,1,6,16.7,0,5,0.0,7,18,25,3,2,2,8, 10, 22, 0.38, 0.25
JD Davison,BOS,8,39,16,5,12,41.7,3,7,42.9,3,4,75.0,2,8,10,10,1,1,2, 4, 28, 5.00, 0.50
Alex Fudge,DAL,6,40,15,6,15,40.0,1,5,20.0,2,2,100,4,1,5,0,3,0,2, 2, 12, 0.00, 1.50
Greg Brown III,DAL,6,40,15,5,11,45.5,1,3,33.3,4,9,44.4,3,6,9,4,0,4,4, 5, 17, 1.00, 0.00
Jordan Walsh,BOS,9,83,15,6,15,40.0,2,9,22.2,1,2,50.0,5,15,20,5,5,1,3, 11, 33, 1.67, 1.67
D'Moi Hodge,LAL,7,41,14,5,15,33.3,3,12,25.0,1,2,50.0,0,0,0,5,1,1,1, 4, 9, 5.00, 1.00
DaQuan Jeffries,NYK,17,46,14,6,17,35.3,2,10,20.0,0,2,0.0,0,5,5,5,0,1,3, 2, 9, 1.67, 0.00
Dereon Seabron,NOP,6,55,14,4,13,30.8,1,2,50.0,5,6,83.3,1,6,7,5,2,1,0, 4, 19, 0.00, 0.00
Seth Lundy,ATL,9,52,14,4,17,23.5,3,13,23.1,3,4,75.0,1,6,7,0,0,0,1, 6, 6, 0.00, 0.00
TyTy Washington Jr.,MIL,11,56,14,6,20,30.0,2,6,33.3,0,0,0.0,1,4,5,5,3,0,2, 1, 11, 2.50, 1.50
Jacob Toppin,NYK,9,38,13,5,9,55.6,1,4,25.0,2,2,100,3,4,7,3,0,1,1, 3, 19, 3.00, 0.00
Jordan Miller,LAC,8,28,13,5,9,55.6,1,2,50.0,2,2,100,3,2,5,0,0,0,1, 2, 13, 0.00, 0.00
Timmy Allen,MEM,5,125,13,6,23,26.1,0,7,0.0,1,2,50.0,4,13,17,5,4,0,2, 18, 19, 2.50, 2.00
Jason Preston,UTA,7,71,12,6,19,31.6,0,3,0.0,0,0,0.0,6,11,17,16,2,1,2, 3, 33, 8.00, 1.00
Jordan Ford,SAC,6,22,12,4,7,57.1,2,3,66.7,2,2,100,0,2,2,2,0,0,1, 0, 12, 2.00, 0.00
Mamadi Diakite,NYK,6,24,12,4,6,66.7,0,1,0.0,4,6,66.7,1,3,4,2,1,1,1, 2, 15, 2.00, 1.00
D.J. Carton,TOR,4,36,11,3,8,37.5,1,4,25.0,4,5,80.0,2,2,4,3,1,0,1, 3, 12, 3.00, 1.00
Drew Peterson,BOS,3,23,11,4,6,66.7,3,5,60.0,0,0,0.0,0,1,1,1,2,0,1, 1, 12, 1.00, 2.00
Henri Drell,CHI,4,30,11,4,10,40.0,2,6,33.3,1,2,50.0,1,3,4,4,2,1,2, 6, 13, 2.00, 1.00
Keyontae Johnson,OKC,9,66,11,5,16,31.3,1,3,33.3,0,0,0.0,4,6,10,4,1,0,4, 5, 11, 1.00, 0.25
Maxwell Lewis,LAL,34,103,11,4,21,19.0,1,9,11.1,2,3,66.7,2,2,4,6,2,1,10, 5, -4, 0.60, 0.20
D.J. Wilson,PHI,2,15,10,4,6,66.7,2,2,100,0,0,0.0,1,1,2,2,0,2,0, 1, 14, 0.00, 0.00
R.J. Hampton,MIA,8,76,10,4,14,28.6,1,8,12.5,1,2,50.0,2,4,6,8,0,0,3, 8, 10, 2.67, 0.00
Isaiah Thomas,PHX,6,19,8,3,10,30.0,2,4,50.0,0,0,0.0,0,0,0,3,0,0,0, 0, 4, 0.00, 0.00
Jalen Slawson,SAC,12,37,8,4,6,66.7,0,2,0.0,0,0,0.0,1,6,7,2,1,1,2, 8, 15, 1.00, 0.50
James Johnson,IND,9,47,8,3,10,30.0,0,2,0.0,2,2,100,1,3,4,8,5,1,5, 9, 14, 1.60, 1.00
Juan Toscano-Anderson,SAC,11,53,7,3,12,25.0,1,4,25.0,0,0,0.0,4,10,14,4,1,1,2, 11, 16, 2.00, 0.50
Mason Jones,SAC,5,28,7,2,8,25.0,2,7,28.6,1,2,50.0,1,4,5,5,1,0,2, 3, 9, 2.50, 0.50
Charlie Brown Jr.,NYK,8,37,6,2,10,20.0,2,7,28.6,0,0,0.0,1,1,2,0,0,2,2, 5, 0, 0.00, 0.00
Jack White,MEM,4,64,6,2,16,12.5,2,10,20.0,0,0,0.0,4,8,12,1,4,1,2, 3, 8, 0.50, 2.00
Lindell Wigginton,MIL,3,8,6,2,5,40.0,0,2,0.0,2,2,100,0,0,0,0,0,0,1, 1, 2, 0.00, 0.00
Alondes Williams,MIA,7,16,5,2,8,25.0,0,4,0.0,1,1,100,0,1,1,0,0,1,2, 2, -1, 0.00, 0.00
Frank Ntilikina,CHA,5,43,5,1,9,11.1,1,8,12.5,2,2,100,1,5,6,4,0,0,1, 4, 6, 4.00, 0.00
E.J. Liddell,NOP,8,23,4,1,6,16.7,0,5,0.0,2,2,100,0,5,5,1,2,2,2, 2, 7, 0.50, 1.00
Izaiah Brockington,NOP,1,3,4,2,5,40.0,0,1,0.0,0,0,0.0,1,1,2,0,0,0,0, 0, 3, 0.00, 0.00
Kevon Harris,ORL,2,6,4,2,3,66.7,0,0,0.0,0,0,0.0,0,2,2,1,0,0,1, 3, 5, 1.00, 0.00
Pat Spencer,GSW,6,26,4,2,4,50.0,0,2,0.0,0,0,0.0,2,2,4,5,0,0,1, 1, 10, 5.00, 0.00
Ty Jerome,CLE,2,15,4,2,4,50.0,0,1,0.0,0,0,0.0,1,0,1,3,0,0,1, 2, 5, 3.00, 0.00
Adam Flagler,OKC,2,14,3,1,7,14.3,1,6,16.7,0,0,0.0,0,0,0,4,0,0,0, 0, 1, 0.00, 0.00
Dariq Whitehead,BKN,2,24,3,1,5,20.0,0,3,0.0,1,2,50.0,0,4,4,3,0,1,0, 0, 6, 0.00, 0.00
Filip Petrusev,SAC,3,9,3,1,2,50.0,0,0,0.0,1,2,50.0,0,1,1,0,0,0,0, 1, 2, 0.00, 0.00
Pete Nance,CLE,8,27,3,1,6,16.7,1,1,100,0,2,0.0,0,3,3,0,1,0,1, 2, -1, 0.00, 1.00
Usman Garuba,GSW,6,18,3,1,6,16.7,0,1,0.0,1,2,50.0,3,4,7,1,1,3,2, 2, 7, 0.50, 0.50
Hamidou Diallo,WAS,2,5,2,1,2,50.0,0,0,0.0,0,0,0.0,2,0,2,1,2,0,1, 1, 5, 1.00, 2.00
Isaiah Wong,IND,1,4,2,1,3,33.3,0,1,0.0,0,0,0.0,0,0,0,0,0,0,0, 0, 0, 0.00, 0.00
Joshua Primo,LAC,2,10,2,1,3,33.3,0,1,0.0,0,0,0.0,1,0,1,0,0,1,4, 0, -2, 0.00, 0.00
Markquis Nowell,TOR,1,4,2,0,1,0.0,0,0,0.0,2,2,100,2,0,2,2,1,0,0, 0, 6, 0.00, 0.00
Quenton Jackson,IND,3,11,2,0,1,0.0,0,0,0.0,2,2,100,0,4,4,2,1,0,0, 1, 8, 0.00, 0.00
Shaquille Harrison,MEM,3,6,2,1,2,50.0,0,0,0.0,0,0,0.0,0,2,2,0,0,1,0, 0, 4, 0.00, 0.00
Andrew Funk,CHI,5,13,0,0,4,0.0,0,3,0.0,0,0,0.0,0,0,0,0,1,1,0, 0, -2, 0.00, 0.00
Danny Green,PHI,2,18,0,0,2,0.0,0,1,0.0,0,0,0.0,0,2,2,1,1,0,0, 1, 2, 0.00, 0.00
Dmytro Skapintsev,NYK,2,2,0,0,1,0.0,0,0,0.0,0,0,0.0,0,0,0,0,0,0,0, 0, -1, 0.00, 0.00
Jalen Crutcher,NOP,1,3,0,0,1,0.0,0,0,0.0,0,0,0.0,0,0,0,0,0,0,0, 0, -1, 0.00, 0.00
Javonte Smart,PHI,1,1,0,0,0,0.0,0,0,0.0,0,0,0.0,0,0,0,0,0,0,0, 0, 0, 0.00, 0.00
Justin Jackson,MIN,2,1,0,0,0,0.0,0,0,0.0,0,0,0.0,0,0,0,0,0,0,0, 0, 0, 0.00, 0.00
Kaiser Gates,NOP,1,7,0,0,4,0.0,0,2,0.0,0,0,0.0,0,1,1,0,0,0,0, 0, -3, 0.00, 0.00
Malcolm Cazalon,DET,1,3,0,0,0,0.0,0,0,0.0,0,0,0.0,0,0,0,0,0,0,0, 0, 0, 0.00, 0.00
Ron Harper Jr.,TOR,1,4,0,0,0,0.0,0,0,0.0,0,0,0.0,0,0,0,1,0,0,0, 2, 1, 0.00, 0.00
Ryan Arcidiacono,NYK,20,45,0,0,6,0.0,0,6,0.0,0,0,0.0,0,8,8,4,2,0,2, 5, 6, 2.00, 1.00
